LAT,LON,YEAR,MO,DY,ALLSKY_SFC_LW_DWN,T2MWET
39.25,-87.25,2021,1,1,298.44,1.0
39.25,-86.75,2021,1,1,307.01,1.35
39.25,-86.25,2021,1,1,307.01,1.73
39.25,-85.75,2021,1,1,308.21,2.12
39.25,-85.25,2021,1,1,308.21,2.3
39.75,-87.25,2021,1,1,298.44,-0.15
39.75,-86.75,2021,1,1,307.01,0.12
39.75,-86.25,2021,1,1,307.01,0.49
39.75,-85.75,2021,1,1,308.21,0.91
39.75,-85.25,2021,1,1,308.21,1.13
40.25,-87.25,2021,1,1,289.77,-1.03
40.25,-86.75,2021,1,1,293.63,-0.86
40.25,-86.25,2021,1,1,293.63,-0.59
40.25,-85.75,2021,1,1,298.38,-0.24
40.25,-85.25,2021,1,1,298.38,0.08
40.75,-87.25,2021,1,1,289.77,-1.81
40.75,-86.75,2021,1,1,293.63,-1.73
40.75,-86.25,2021,1,1,293.63,-1.63
40.75,-85.75,2021,1,1,298.38,-1.44
40.75,-85.25,2021,1,1,298.38,-1.15
41.25,-87.25,2021,1,1,281.07,-2.09
41.25,-86.75,2021,1,1,279.87,-2.24
41.25,-86.25,2021,1,1,279.87,-2.47
41.25,-85.75,2021,1,1,280.84,-2.46
41.25,-85.25,2021,1,1,280.84,-2.33
39.25,-87.25,2021,1,2,292.13,-0.16
39.25,-86.75,2021,1,2,296.07,0.03
39.25,-86.25,2021,1,2,296.07,0.14
39.25,-85.75,2021,1,2,294.32,0.22
39.25,-85.25,2021,1,2,294.32,0.52
39.75,-87.25,2021,1,2,292.13,-0.54
39.75,-86.75,2021,1,2,296.07,-0.41
39.75,-86.25,2021,1,2,296.07,-0.32
39.75,-85.75,2021,1,2,294.32,-0.22
39.75,-85.25,2021,1,2,294.32,-0.05
40.25,-87.25,2021,1,2,293.24,-0.84
40.25,-86.75,2021,1,2,297.99,-0.74
40.25,-86.25,2021,1,2,297.99,-0.73
40.25,-85.75,2021,1,2,300.59,-0.55
40.25,-85.25,2021,1,2,300.59,-0.35
40.75,-87.25,2021,1,2,293.24,-1.02
40.75,-86.75,2021,1,2,297.99,-1.12
40.75,-86.25,2021,1,2,297.99,-1.34
40.75,-85.75,2021,1,2,300.59,-1.12
40.75,-85.25,2021,1,2,300.59,-0.84
41.25,-87.25,2021,1,2,283.26,-0.93
41.25,-86.75,2021,1,2,285.09,-1.38
41.25,-86.25,2021,1,2,285.09,-2.01
41.25,-85.75,2021,1,2,291.49,-1.89
41.25,-85.25,2021,1,2,291.49,-1.67
39.25,-87.25,2021,1,3,282.69,-1.01
39.25,-86.75,2021,1,3,290.42,-0.84
39.25,-86.25,2021,1,3,290.42,-0.68
39.25,-85.75,2021,1,3,288.38,-0.62
39.25,-85.25,2021,1,3,288.38,-0.48
39.75,-87.25,2021,1,3,282.69,-1.46
39.75,-86.75,2021,1,3,290.42,-1.25
39.75,-86.25,2021,1,3,290.42,-1.08
39.75,-85.75,2021,1,3,288.38,-0.96
39.75,-85.25,2021,1,3,288.38,-0.85
40.25,-87.25,2021,1,3,292.45,-1.97
40.25,-86.75,2021,1,3,294.39,-1.67
40.25,-86.25,2021,1,3,294.39,-1.43
40.25,-85.75,2021,1,3,298.87,-1.15
40.25,-85.25,2021,1,3,298.87,-0.93
40.75,-87.25,2021,1,3,292.45,-2.44
40.75,-86.75,2021,1,3,294.39,-2.1
40.75,-86.25,2021,1,3,294.39,-1.74
40.75,-85.75,2021,1,3,298.87,-1.35
40.75,-85.25,2021,1,3,298.87,-1.03
41.25,-87.25,2021,1,3,285.76,-2.41
41.25,-86.75,2021,1,3,296.58,-2.08
41.25,-86.25,2021,1,3,296.58,-1.85
41.25,-85.75,2021,1,3,291.93,-1.57
41.25,-85.25,2021,1,3,291.93,-1.34
39.25,-87.25,2021,1,4,251.27,0.35
39.25,-86.75,2021,1,4,244.48,0.51
39.25,-86.25,2021,1,4,244.48,0.54
39.25,-85.75,2021,1,4,264.31,0.28
39.25,-85.25,2021,1,4,264.31,0.04
39.75,-87.25,2021,1,4,251.27,-0.85
39.75,-86.75,2021,1,4,244.48,-0.67
39.75,-86.25,2021,1,4,244.48,-0.54
39.75,-85.75,2021,1,4,264.31,-0.55
39.75,-85.25,2021,1,4,264.31,-0.7
40.25,-87.25,2021,1,4,282.55,-2.05
40.25,-86.75,2021,1,4,266.01,-1.87
40.25,-86.25,2021,1,4,266.01,-1.66
40.25,-85.75,2021,1,4,287.68,-1.34
40.25,-85.25,2021,1,4,287.68,-1.31
40.75,-87.25,2021,1,4,282.55,-3.11
40.75,-86.75,2021,1,4,266.01,-2.89
40.75,-86.25,2021,1,4,266.01,-2.57
40.75,-85.75,2021,1,4,287.68,-2.19
40.75,-85.25,2021,1,4,287.68,-2.0
41.25,-87.25,2021,1,4,278.57,-3.87
41.25,-86.75,2021,1,4,280.82,-3.7
41.25,-86.25,2021,1,4,280.82,-3.5
41.25,-85.75,2021,1,4,279.57,-3.23
41.25,-85.25,2021,1,4,279.57,-2.99
39.25,-87.25,2021,1,5,294.09,-0.79
39.25,-86.75,2021,1,5,297.41,-0.99
39.25,-86.25,2021,1,5,297.41,-1.11
39.25,-85.75,2021,1,5,303.42,-1.02
39.25,-85.25,2021,1,5,303.42,-0.79
39.75,-87.25,2021,1,5,294.09,-1.34
39.75,-86.75,2021,1,5,297.41,-1.58
39.75,-86.25,2021,1,5,297.41,-1.66
39.75,-85.75,2021,1,5,303.42,-1.41
39.75,-85.25,2021,1,5,303.42,-1.12
40.25,-87.25,2021,1,5,296.34,-1.97
40.25,-86.75,2021,1,5,290.01,-2.12
40.25,-86.25,2021,1,5,290.01,-2.04
40.25,-85.75,2021,1,5,301.35,-1.58
40.25,-85.25,2021,1,5,301.35,-1.19
40.75,-87.25,2021,1,5,296.34,-2.58
40.75,-86.75,2021,1,5,290.01,-2.51
40.75,-86.25,2021,1,5,290.01,-2.28
40.75,-85.75,2021,1,5,301.35,-1.73
40.75,-85.25,2021,1,5,301.35,-1.28
41.25,-87.25,2021,1,5,286.24,-2.64
41.25,-86.75,2021,1,5,296.88,-2.3
41.25,-86.25,2021,1,5,296.88,-2.13
41.25,-85.75,2021,1,5,293.78,-1.86
41.25,-85.25,2021,1,5,293.78,-1.57
39.25,-87.25,2021,1,6,269.81,-1.52
39.25,-86.75,2021,1,6,286.98,-1.72
39.25,-86.25,2021,1,6,286.98,-1.74
39.25,-85.75,2021,1,6,303.13,-1.61
39.25,-85.25,2021,1,6,303.13,-1.5
39.75,-87.25,2021,1,6,269.81,-2.19
39.75,-86.75,2021,1,6,286.98,-2.31
39.75,-86.25,2021,1,6,286.98,-2.11
39.75,-85.75,2021,1,6,303.13,-1.83
39.75,-85.25,2021,1,6,303.13,-1.73
40.25,-87.25,2021,1,6,281.34,-2.71
40.25,-86.75,2021,1,6,294.7,-2.64
40.25,-86.25,2021,1,6,294.7,-2.28
40.25,-85.75,2021,1,6,305.21,-1.99
40.25,-85.25,2021,1,6,305.21,-1.8
40.75,-87.25,2021,1,6,281.34,-2.89
40.75,-86.75,2021,1,6,294.7,-2.58
40.75,-86.25,2021,1,6,294.7,-2.29
40.75,-85.75,2021,1,6,305.21,-2.11
40.75,-85.25,2021,1,6,305.21,-1.89
41.25,-87.25,2021,1,6,282.37,-2.47
41.25,-86.75,2021,1,6,295.63,-2.05
41.25,-86.25,2021,1,6,295.63,-2.17
41.25,-85.75,2021,1,6,299.98,-2.32
41.25,-85.25,2021,1,6,299.98,-2.2
39.25,-87.25,2021,1,7,284.45,-1.1
39.25,-86.75,2021,1,7,286.22,-1.14
39.25,-86.25,2021,1,7,286.22,-1.18
39.25,-85.75,2021,1,7,289.57,-1.26
39.25,-85.25,2021,1,7,289.57,-1.32
39.75,-87.25,2021,1,7,284.45,-1.88
39.75,-86.75,2021,1,7,286.22,-1.89
39.75,-86.25,2021,1,7,286.22,-1.8
39.75,-85.75,2021,1,7,289.57,-1.73
39.75,-85.25,2021,1,7,289.57,-1.68
40.25,-87.25,2021,1,7,284.6,-2.55
40.25,-86.75,2021,1,7,286.53,-2.55
40.25,-86.25,2021,1,7,286.53,-2.43
40.25,-85.75,2021,1,7,289.4,-2.27
40.25,-85.25,2021,1,7,289.4,-2.02
40.75,-87.25,2021,1,7,284.6,-2.86
40.75,-86.75,2021,1,7,286.53,-2.9
40.75,-86.25,2021,1,7,286.53,-2.85
40.75,-85.75,2021,1,7,289.4,-2.65
40.75,-85.25,2021,1,7,289.4,-2.33
41.25,-87.25,2021,1,7,285.89,-2.72
41.25,-86.75,2021,1,7,287.02,-3.0
41.25,-86.25,2021,1,7,287.02,-3.3
41.25,-85.75,2021,1,7,281.96,-3.14
41.25,-85.25,2021,1,7,281.96,-2.88
39.25,-87.25,2021,1,8,294.71,-2.22
39.25,-86.75,2021,1,8,293.23,-2.34
39.25,-86.25,2021,1,8,293.23,-2.35
39.25,-85.75,2021,1,8,292.87,-2.37
39.25,-85.25,2021,1,8,292.87,-2.37
39.75,-87.25,2021,1,8,294.71,-2.55
39.75,-86.75,2021,1,8,293.23,-2.82
39.75,-86.25,2021,1,8,293.23,-2.85
39.75,-85.75,2021,1,8,292.87,-2.82
39.75,-85.25,2021,1,8,292.87,-2.79
40.25,-87.25,2021,1,8,282.5,-2.94
40.25,-86.75,2021,1,8,276.88,-3.37
40.25,-86.25,2021,1,8,276.88,-3.47
40.25,-85.75,2021,1,8,290.59,-3.36
40.25,-85.25,2021,1,8,290.59,-3.23
40.75,-87.25,2021,1,8,282.5,-3.19
40.75,-86.75,2021,1,8,276.88,-3.86
40.75,-86.25,2021,1,8,276.88,-4.26
40.75,-85.75,2021,1,8,290.59,-4.09
40.75,-85.25,2021,1,8,290.59,-3.82
41.25,-87.25,2021,1,8,277.62,-2.94
41.25,-86.75,2021,1,8,244.95,-4.05
41.25,-86.25,2021,1,8,244.95,-5.05
41.25,-85.75,2021,1,8,267.84,-5.0
41.25,-85.25,2021,1,8,267.84,-4.7
39.25,-87.25,2021,1,9,288.76,-3.29
39.25,-86.75,2021,1,9,269.19,-3.84
39.25,-86.25,2021,1,9,269.19,-4.14
39.25,-85.75,2021,1,9,262.43,-4.15
39.25,-85.25,2021,1,9,262.43,-4.07
39.75,-87.25,2021,1,9,288.76,-3.88
39.75,-86.75,2021,1,9,269.19,-4.75
39.75,-86.25,2021,1,9,269.19,-5.11
39.75,-85.75,2021,1,9,262.43,-4.95
39.75,-85.25,2021,1,9,262.43,-4.75
40.25,-87.25,2021,1,9,276.3,-4.32
40.25,-86.75,2021,1,9,253.47,-5.39
40.25,-86.25,2021,1,9,253.47,-5.79
40.25,-85.75,2021,1,9,244.83,-5.45
40.25,-85.25,2021,1,9,244.83,-5.18
40.75,-87.25,2021,1,9,276.3,-4.4
40.75,-86.75,2021,1,9,253.47,-5.43
40.75,-86.25,2021,1,9,253.47,-5.88
40.75,-85.75,2021,1,9,244.83,-5.5
40.75,-85.25,2021,1,9,244.83,-5.24
41.25,-87.25,2021,1,9,253.62,-4.0
41.25,-86.75,2021,1,9,238.38,-4.98
41.25,-86.25,2021,1,9,238.38,-5.61
41.25,-85.75,2021,1,9,245.58,-5.43
41.25,-85.25,2021,1,9,245.58,-5.33
39.25,-87.25,2021,1,10,288.62,-4.06
39.25,-86.75,2021,1,10,285.71,-3.99
39.25,-86.25,2021,1,10,285.71,-3.81
39.25,-85.75,2021,1,10,270.27,-3.71
39.25,-85.25,2021,1,10,270.27,-3.5
39.75,-87.25,2021,1,10,288.62,-4.73
39.75,-86.75,2021,1,10,285.71,-4.67
39.75,-86.25,2021,1,10,285.71,-4.52
39.75,-85.75,2021,1,10,270.27,-4.4
39.75,-85.25,2021,1,10,270.27,-4.19
40.25,-87.25,2021,1,10,285.05,-4.92
40.25,-86.75,2021,1,10,280.56,-4.91
40.25,-86.25,2021,1,10,280.56,-4.85
40.25,-85.75,2021,1,10,272.48,-4.77
40.25,-85.25,2021,1,10,272.48,-4.64
40.75,-87.25,2021,1,10,285.05,-4.91
40.75,-86.75,2021,1,10,280.56,-4.82
40.75,-86.25,2021,1,10,280.56,-4.77
40.75,-85.75,2021,1,10,272.48,-4.76
40.75,-85.25,2021,1,10,272.48,-4.61
41.25,-87.25,2021,1,10,275.62,-4.46
41.25,-86.75,2021,1,10,268.09,-4.21
41.25,-86.25,2021,1,10,268.09,-4.39
41.25,-85.75,2021,1,10,263.61,-4.48
41.25,-85.25,2021,1,10,263.61,-4.4
39.25,-87.25,2021,1,11,288.2,-4.68
39.25,-86.75,2021,1,11,294.99,-4.92
39.25,-86.25,2021,1,11,294.99,-4.95
39.25,-85.75,2021,1,11,294.62,-4.75
39.25,-85.25,2021,1,11,294.62,-4.37
39.75,-87.25,2021,1,11,288.2,-5.37
39.75,-86.75,2021,1,11,294.99,-5.39
39.75,-86.25,2021,1,11,294.99,-5.35
39.75,-85.75,2021,1,11,294.62,-5.25
39.75,-85.25,2021,1,11,294.62,-5.04
40.25,-87.25,2021,1,11,284.22,-5.87
40.25,-86.75,2021,1,11,290.66,-5.78
40.25,-86.25,2021,1,11,290.66,-5.66
40.25,-85.75,2021,1,11,291.49,-5.52
40.25,-85.25,2021,1,11,291.49,-5.35
40.75,-87.25,2021,1,11,284.22,-6.08
40.75,-86.75,2021,1,11,290.66,-6.06
40.75,-86.25,2021,1,11,290.66,-5.91
40.75,-85.75,2021,1,11,291.49,-5.67
40.75,-85.25,2021,1,11,291.49,-5.37
41.25,-87.25,2021,1,11,285.13,-5.92
41.25,-86.75,2021,1,11,289.31,-6.02
41.25,-86.25,2021,1,11,289.31,-5.98
41.25,-85.75,2021,1,11,286.17,-5.69
41.25,-85.25,2021,1,11,286.17,-5.39
39.25,-87.25,2021,1,12,228.4,-1.96
39.25,-86.75,2021,1,12,241.41,-2.37
39.25,-86.25,2021,1,12,241.41,-2.8
39.25,-85.75,2021,1,12,249.35,-3.35
39.25,-85.25,2021,1,12,249.35,-3.69
39.75,-87.25,2021,1,12,228.4,-2.13
39.75,-86.75,2021,1,12,241.41,-2.42
39.75,-86.25,2021,1,12,241.41,-2.67
39.75,-85.75,2021,1,12,249.35,-3.15
39.75,-85.25,2021,1,12,249.35,-3.66
40.25,-87.25,2021,1,12,230.17,-2.25
40.25,-86.75,2021,1,12,238.82,-2.43
40.25,-86.25,2021,1,12,238.82,-2.57
40.25,-85.75,2021,1,12,252.99,-2.83
40.25,-85.25,2021,1,12,252.99,-3.24
40.75,-87.25,2021,1,12,230.17,-2.47
40.75,-86.75,2021,1,12,238.82,-2.56
40.75,-86.25,2021,1,12,238.82,-2.6
40.75,-85.75,2021,1,12,252.99,-2.7
40.75,-85.25,2021,1,12,252.99,-2.86
41.25,-87.25,2021,1,12,239.96,-2.59
41.25,-86.75,2021,1,12,260.39,-2.67
41.25,-86.25,2021,1,12,260.39,-2.78
41.25,-85.75,2021,1,12,282.17,-2.83
41.25,-85.25,2021,1,12,282.17,-2.86
39.25,-87.25,2021,1,13,254.72,0.71
39.25,-86.75,2021,1,13,255.81,0.56
39.25,-86.25,2021,1,13,255.81,0.37
39.25,-85.75,2021,1,13,256.15,0.08
39.25,-85.25,2021,1,13,256.15,-0.1
39.75,-87.25,2021,1,13,254.72,0.82
39.75,-86.75,2021,1,13,255.81,0.67
39.75,-86.25,2021,1,13,255.81,0.51
39.75,-85.75,2021,1,13,256.15,0.24
39.75,-85.25,2021,1,13,256.15,-0.06
40.25,-87.25,2021,1,13,265.41,0.91
40.25,-86.75,2021,1,13,264.87,0.8
40.25,-86.25,2021,1,13,264.87,0.68
40.25,-85.75,2021,1,13,266.07,0.46
40.25,-85.25,2021,1,13,266.07,0.2
40.75,-87.25,2021,1,13,265.41,0.9
40.75,-86.75,2021,1,13,264.87,0.84
40.75,-86.25,2021,1,13,264.87,0.76
40.75,-85.75,2021,1,13,266.07,0.64
40.75,-85.25,2021,1,13,266.07,0.52
41.25,-87.25,2021,1,13,267.09,0.78
41.25,-86.75,2021,1,13,270.96,0.77
41.25,-86.25,2021,1,13,270.96,0.65
41.25,-85.75,2021,1,13,276.37,0.55
41.25,-85.25,2021,1,13,276.37,0.51
39.25,-87.25,2021,1,14,279.65,1.59
39.25,-86.75,2021,1,14,271.14,1.68
39.25,-86.25,2021,1,14,271.14,1.62
39.25,-85.75,2021,1,14,268.04,1.54
39.25,-85.25,2021,1,14,268.04,1.49
39.75,-87.25,2021,1,14,279.65,1.14
39.75,-86.75,2021,1,14,271.14,1.27
39.75,-86.25,2021,1,14,271.14,1.31
39.75,-85.75,2021,1,14,268.04,1.31
39.75,-85.25,2021,1,14,268.04,1.24
40.25,-87.25,2021,1,14,282.34,0.86
40.25,-86.75,2021,1,14,277.88,1.0
40.25,-86.25,2021,1,14,277.88,1.11
40.25,-85.75,2021,1,14,269.09,1.17
40.25,-85.25,2021,1,14,269.09,1.14
40.75,-87.25,2021,1,14,282.34,0.74
40.75,-86.75,2021,1,14,277.88,0.86
40.75,-86.25,2021,1,14,277.88,0.98
40.75,-85.75,2021,1,14,269.09,1.05
40.75,-85.25,2021,1,14,269.09,1.05
41.25,-87.25,2021,1,14,279.85,0.72
41.25,-86.75,2021,1,14,275.86,0.82
41.25,-86.25,2021,1,14,275.86,0.87
41.25,-85.75,2021,1,14,277.52,0.88
41.25,-85.25,2021,1,14,277.52,0.87
39.25,-87.25,2021,1,15,273.07,-1.09
39.25,-86.75,2021,1,15,272.11,-0.86
39.25,-86.25,2021,1,15,272.11,-0.69
39.25,-85.75,2021,1,15,271.16,-0.56
39.25,-85.25,2021,1,15,271.16,-0.35
39.75,-87.25,2021,1,15,273.07,-1.39
39.75,-86.75,2021,1,15,272.11,-1.22
39.75,-86.25,2021,1,15,272.11,-1.01
39.75,-85.75,2021,1,15,271.16,-0.83
39.75,-85.25,2021,1,15,271.16,-0.65
40.25,-87.25,2021,1,15,279.61,-1.59
40.25,-86.75,2021,1,15,280.19,-1.46
40.25,-86.25,2021,1,15,280.19,-1.23
40.25,-85.75,2021,1,15,275.81,-1.0
40.25,-85.25,2021,1,15,275.81,-0.8
40.75,-87.25,2021,1,15,279.61,-1.71
40.75,-86.75,2021,1,15,280.19,-1.62
40.75,-86.25,2021,1,15,280.19,-1.45
40.75,-85.75,2021,1,15,275.81,-1.17
40.75,-85.25,2021,1,15,275.81,-0.86
41.25,-87.25,2021,1,15,272.99,-1.67
41.25,-86.75,2021,1,15,271.4,-1.64
41.25,-86.25,2021,1,15,271.4,-1.61
41.25,-85.75,2021,1,15,276.6,-1.37
41.25,-85.25,2021,1,15,276.6,-1.04
39.25,-87.25,2021,1,16,290.84,-0.9
39.25,-86.75,2021,1,16,293.61,-0.91
39.25,-86.25,2021,1,16,293.61,-0.9
39.25,-85.75,2021,1,16,300.03,-0.98
39.25,-85.25,2021,1,16,300.03,-1.05
39.75,-87.25,2021,1,16,290.84,-1.02
39.75,-86.75,2021,1,16,293.61,-1.05
39.75,-86.25,2021,1,16,293.61,-1.08
39.75,-85.75,2021,1,16,300.03,-1.18
39.75,-85.25,2021,1,16,300.03,-1.27
40.25,-87.25,2021,1,16,294.52,-1.14
40.25,-86.75,2021,1,16,294.13,-1.2
40.25,-86.25,2021,1,16,294.13,-1.25
40.25,-85.75,2021,1,16,299.27,-1.33
40.25,-85.25,2021,1,16,299.27,-1.39
40.75,-87.25,2021,1,16,294.52,-1.2
40.75,-86.75,2021,1,16,294.13,-1.28
40.75,-86.25,2021,1,16,294.13,-1.38
40.75,-85.75,2021,1,16,299.27,-1.45
40.75,-85.25,2021,1,16,299.27,-1.46
41.25,-87.25,2021,1,16,292.93,-1.09
41.25,-86.75,2021,1,16,294.98,-1.21
41.25,-86.25,2021,1,16,294.98,-1.41
41.25,-85.75,2021,1,16,300.23,-1.55
41.25,-85.25,2021,1,16,300.23,-1.64
39.25,-87.25,2021,1,17,288.88,-2.09
39.25,-86.75,2021,1,17,292.04,-1.97
39.25,-86.25,2021,1,17,292.04,-1.86
39.25,-85.75,2021,1,17,291.72,-1.81
39.25,-85.25,2021,1,17,291.72,-1.69
39.75,-87.25,2021,1,17,288.88,-2.4
39.75,-86.75,2021,1,17,292.04,-2.25
39.75,-86.25,2021,1,17,292.04,-2.13
39.75,-85.75,2021,1,17,291.72,-2.08
39.75,-85.25,2021,1,17,291.72,-1.99
40.25,-87.25,2021,1,17,286.18,-2.55
40.25,-86.75,2021,1,17,290.32,-2.36
40.25,-86.25,2021,1,17,290.32,-2.21
40.25,-85.75,2021,1,17,290.46,-2.13
40.25,-85.25,2021,1,17,290.46,-2.04
40.75,-87.25,2021,1,17,286.18,-2.5
40.75,-86.75,2021,1,17,290.32,-2.3
40.75,-86.25,2021,1,17,290.32,-2.15
40.75,-85.75,2021,1,17,290.46,-2.03
40.75,-85.25,2021,1,17,290.46,-1.89
41.25,-87.25,2021,1,17,285.52,-2.29
41.25,-86.75,2021,1,17,284.7,-2.11
41.25,-86.25,2021,1,17,284.7,-2.02
41.25,-85.75,2021,1,17,288.46,-1.91
41.25,-85.25,2021,1,17,288.46,-1.76
39.25,-87.25,2021,1,18,285.06,-1.84
39.25,-86.75,2021,1,18,286.23,-2.08
39.25,-86.25,2021,1,18,286.23,-2.28
39.25,-85.75,2021,1,18,288.49,-2.49
39.25,-85.25,2021,1,18,288.49,-2.54
39.75,-87.25,2021,1,18,285.06,-2.65
39.75,-86.75,2021,1,18,286.23,-2.77
39.75,-86.25,2021,1,18,286.23,-2.86
39.75,-85.75,2021,1,18,288.49,-2.95
39.75,-85.25,2021,1,18,288.49,-2.96
40.25,-87.25,2021,1,18,275.82,-3.46
40.25,-86.75,2021,1,18,284.57,-3.36
40.25,-86.25,2021,1,18,284.57,-3.25
40.25,-85.75,2021,1,18,290.94,-3.17
40.25,-85.25,2021,1,18,290.94,-3.1
40.75,-87.25,2021,1,18,275.82,-3.97
40.75,-86.75,2021,1,18,284.57,-3.71
40.75,-86.25,2021,1,18,284.57,-3.46
40.75,-85.75,2021,1,18,290.94,-3.24
40.75,-85.25,2021,1,18,290.94,-3.02
41.25,-87.25,2021,1,18,284.82,-4.08
41.25,-86.75,2021,1,18,289.15,-3.74
41.25,-86.25,2021,1,18,289.15,-3.62
41.25,-85.75,2021,1,18,286.68,-3.5
41.25,-85.25,2021,1,18,286.68,-3.29
39.25,-87.25,2021,1,19,248.5,-1.95
39.25,-86.75,2021,1,19,255.04,-2.03
39.25,-86.25,2021,1,19,255.04,-2.12
39.25,-85.75,2021,1,19,256.74,-2.29
39.25,-85.25,2021,1,19,256.74,-2.3
39.75,-87.25,2021,1,19,248.5,-2.97
39.75,-86.75,2021,1,19,255.04,-3.07
39.75,-86.25,2021,1,19,255.04,-3.17
39.75,-85.75,2021,1,19,256.74,-3.33
39.75,-85.25,2021,1,19,256.74,-3.38
40.25,-87.25,2021,1,19,258.67,-3.84
40.25,-86.75,2021,1,19,259.87,-3.84
40.25,-86.25,2021,1,19,259.87,-3.84
40.25,-85.75,2021,1,19,255.54,-3.84
40.25,-85.25,2021,1,19,255.54,-3.89
40.75,-87.25,2021,1,19,258.67,-4.39
40.75,-86.75,2021,1,19,259.87,-4.26
40.75,-86.25,2021,1,19,259.87,-4.16
40.75,-85.75,2021,1,19,255.54,-4.08
40.75,-85.25,2021,1,19,255.54,-4.04
41.25,-87.25,2021,1,19,270.41,-4.75
41.25,-86.75,2021,1,19,271.42,-4.44
41.25,-86.25,2021,1,19,271.42,-4.37
41.25,-85.75,2021,1,19,271.4,-4.39
41.25,-85.25,2021,1,19,271.4,-4.38
39.25,-87.25,2021,1,20,235.35,-4.41
39.25,-86.75,2021,1,20,237.74,-4.41
39.25,-86.25,2021,1,20,237.74,-4.31
39.25,-85.75,2021,1,20,248.13,-4.22
39.25,-85.25,2021,1,20,248.13,-4.02
39.75,-87.25,2021,1,20,235.35,-5.37
39.75,-86.75,2021,1,20,237.74,-5.39
39.75,-86.25,2021,1,20,237.74,-5.29
39.75,-85.75,2021,1,20,248.13,-5.13
39.75,-85.25,2021,1,20,248.13,-4.85
40.25,-87.25,2021,1,20,232.26,-6.31
40.25,-86.75,2021,1,20,240.69,-6.27
40.25,-86.25,2021,1,20,240.69,-6.08
40.25,-85.75,2021,1,20,255.06,-5.69
40.25,-85.25,2021,1,20,255.06,-5.26
40.75,-87.25,2021,1,20,232.26,-6.99
40.75,-86.75,2021,1,20,240.69,-6.87
40.75,-86.25,2021,1,20,240.69,-6.54
40.75,-85.75,2021,1,20,255.06,-5.94
40.75,-85.25,2021,1,20,255.06,-5.46
41.25,-87.25,2021,1,20,235.98,-7.17
41.25,-86.75,2021,1,20,252.87,-7.03
41.25,-86.25,2021,1,20,252.87,-6.74
41.25,-85.75,2021,1,20,255.73,-6.25
41.25,-85.25,2021,1,20,255.73,-5.98
39.25,-87.25,2021,1,21,232.08,0.33
39.25,-86.75,2021,1,21,235.16,0.22
39.25,-86.25,2021,1,21,235.16,0.25
39.25,-85.75,2021,1,21,229.36,0.16
39.25,-85.25,2021,1,21,229.36,0.13
39.75,-87.25,2021,1,21,232.08,-0.42
39.75,-86.75,2021,1,21,235.16,-0.5
39.75,-86.25,2021,1,21,235.16,-0.49
39.75,-85.75,2021,1,21,229.36,-0.58
39.75,-85.25,2021,1,21,229.36,-0.7
40.25,-87.25,2021,1,21,228.16,-1.0
40.25,-86.75,2021,1,21,229.82,-1.08
40.25,-86.25,2021,1,21,229.82,-1.13
40.25,-85.75,2021,1,21,227.28,-1.2
40.25,-85.25,2021,1,21,227.28,-1.28
40.75,-87.25,2021,1,21,228.16,-1.4
40.75,-86.75,2021,1,21,229.82,-1.51
40.75,-86.25,2021,1,21,229.82,-1.6
40.75,-85.75,2021,1,21,227.28,-1.67
40.75,-85.25,2021,1,21,227.28,-1.7
41.25,-87.25,2021,1,21,242.8,-1.61
41.25,-86.75,2021,1,21,248.45,-1.72
41.25,-86.25,2021,1,21,248.45,-1.92
41.25,-85.75,2021,1,21,239.51,-2.05
41.25,-85.25,2021,1,21,239.51,-2.11
39.25,-87.25,2021,1,22,210.19,-5.62
39.25,-86.75,2021,1,22,211.68,-5.5
39.25,-86.25,2021,1,22,211.68,-5.38
39.25,-85.75,2021,1,22,215.15,-5.23
39.25,-85.25,2021,1,22,215.15,-4.95
39.75,-87.25,2021,1,22,210.19,-6.94
39.75,-86.75,2021,1,22,211.68,-6.82
39.75,-86.25,2021,1,22,211.68,-6.65
39.75,-85.75,2021,1,22,215.15,-6.36
39.75,-85.25,2021,1,22,215.15,-5.99
40.25,-87.25,2021,1,22,199.4,-8.25
40.25,-86.75,2021,1,22,205.98,-7.97
40.25,-86.25,2021,1,22,205.98,-7.59
40.25,-85.75,2021,1,22,222.94,-7.08
40.25,-85.25,2021,1,22,222.94,-6.58
40.75,-87.25,2021,1,22,199.4,-9.22
40.75,-86.75,2021,1,22,205.98,-8.66
40.75,-86.25,2021,1,22,205.98,-8.0
40.75,-85.75,2021,1,22,222.94,-7.35
40.75,-85.25,2021,1,22,222.94,-6.76
41.25,-87.25,2021,1,22,195.83,-9.56
41.25,-86.75,2021,1,22,250.36,-8.64
41.25,-86.25,2021,1,22,250.36,-7.94
41.25,-85.75,2021,1,22,270.73,-7.4
41.25,-85.25,2021,1,22,270.73,-7.0
39.25,-87.25,2021,1,23,223.19,-6.47
39.25,-86.75,2021,1,23,220.41,-6.6
39.25,-86.25,2021,1,23,220.41,-6.8
39.25,-85.75,2021,1,23,212.59,-7.06
39.25,-85.25,2021,1,23,212.59,-7.14
39.75,-87.25,2021,1,23,223.19,-7.48
39.75,-86.75,2021,1,23,220.41,-7.54
39.75,-86.25,2021,1,23,220.41,-7.58
39.75,-85.75,2021,1,23,212.59,-7.65
39.75,-85.25,2021,1,23,212.59,-7.72
40.25,-87.25,2021,1,23,222.52,-7.89
40.25,-86.75,2021,1,23,216.15,-7.79
40.25,-86.25,2021,1,23,216.15,-7.7
40.25,-85.75,2021,1,23,216.38,-7.55
40.25,-85.25,2021,1,23,216.38,-7.51
40.75,-87.25,2021,1,23,222.52,-8.2
40.75,-86.75,2021,1,23,216.15,-7.77
40.75,-86.25,2021,1,23,216.15,-7.4
40.75,-85.75,2021,1,23,216.38,-7.09
40.75,-85.25,2021,1,23,216.38,-7.04
41.25,-87.25,2021,1,23,219.15,-8.09
41.25,-86.75,2021,1,23,227.71,-7.24
41.25,-86.25,2021,1,23,227.71,-6.77
41.25,-85.75,2021,1,23,219.67,-6.66
41.25,-85.25,2021,1,23,219.67,-6.96
39.25,-87.25,2021,1,24,300.1,-1.38
39.25,-86.75,2021,1,24,300.26,-1.65
39.25,-86.25,2021,1,24,300.26,-1.9
39.25,-85.75,2021,1,24,298.9,-2.13
39.25,-85.25,2021,1,24,298.9,-2.25
39.75,-87.25,2021,1,24,300.1,-2.1
39.75,-86.75,2021,1,24,300.26,-2.4
39.75,-86.25,2021,1,24,300.26,-2.63
39.75,-85.75,2021,1,24,298.9,-2.82
39.75,-85.25,2021,1,24,298.9,-3.04
40.25,-87.25,2021,1,24,289.84,-2.55
40.25,-86.75,2021,1,24,293.74,-2.8
40.25,-86.25,2021,1,24,293.74,-2.99
40.25,-85.75,2021,1,24,299.21,-3.14
40.25,-85.25,2021,1,24,299.21,-3.35
40.75,-87.25,2021,1,24,289.84,-2.96
40.75,-86.75,2021,1,24,293.74,-3.13
40.75,-86.25,2021,1,24,293.74,-3.23
40.75,-85.75,2021,1,24,299.21,-3.35
40.75,-85.25,2021,1,24,299.21,-3.5
41.25,-87.25,2021,1,24,289.46,-3.16
41.25,-86.75,2021,1,24,287.61,-3.34
41.25,-86.25,2021,1,24,287.61,-3.54
41.25,-85.75,2021,1,24,282.49,-3.79
41.25,-85.25,2021,1,24,282.49,-4.04
39.25,-87.25,2021,1,25,293.2,-1.18
39.25,-86.75,2021,1,25,294.4,-1.27
39.25,-86.25,2021,1,25,294.4,-1.37
39.25,-85.75,2021,1,25,293.21,-1.43
39.25,-85.25,2021,1,25,293.21,-1.38
39.75,-87.25,2021,1,25,293.2,-1.88
39.75,-86.75,2021,1,25,294.4,-2.03
39.75,-86.25,2021,1,25,294.4,-2.15
39.75,-85.75,2021,1,25,293.21,-2.25
39.75,-85.25,2021,1,25,293.21,-2.31
40.25,-87.25,2021,1,25,278.3,-2.48
40.25,-86.75,2021,1,25,279.02,-2.63
40.25,-86.25,2021,1,25,279.02,-2.73
40.25,-85.75,2021,1,25,279.23,-2.85
40.25,-85.25,2021,1,25,279.23,-2.94
40.75,-87.25,2021,1,25,278.3,-3.01
40.75,-86.75,2021,1,25,279.02,-3.21
40.75,-86.25,2021,1,25,279.02,-3.32
40.75,-85.75,2021,1,25,279.23,-3.44
40.75,-85.25,2021,1,25,279.23,-3.47
41.25,-87.25,2021,1,25,277.16,-3.04
41.25,-86.75,2021,1,25,269.29,-3.52
41.25,-86.25,2021,1,25,269.29,-3.99
41.25,-85.75,2021,1,25,270.27,-4.24
41.25,-85.25,2021,1,25,270.27,-4.33
39.25,-87.25,2021,1,26,299.46,-0.94
39.25,-86.75,2021,1,26,299.53,-0.8
39.25,-86.25,2021,1,26,299.53,-0.56
39.25,-85.75,2021,1,26,301.25,-0.41
39.25,-85.25,2021,1,26,301.25,-0.17
39.75,-87.25,2021,1,26,299.46,-1.51
39.75,-86.75,2021,1,26,299.53,-1.35
39.75,-86.25,2021,1,26,299.53,-1.09
39.75,-85.75,2021,1,26,301.25,-0.89
39.75,-85.25,2021,1,26,301.25,-0.68
40.25,-87.25,2021,1,26,284.11,-2.01
40.25,-86.75,2021,1,26,294.37,-1.88
40.25,-86.25,2021,1,26,294.37,-1.69
40.25,-85.75,2021,1,26,300.39,-1.48
40.25,-85.25,2021,1,26,300.39,-1.28
40.75,-87.25,2021,1,26,284.11,-2.43
40.75,-86.75,2021,1,26,294.37,-2.4
40.75,-86.25,2021,1,26,294.37,-2.31
40.75,-85.75,2021,1,26,300.39,-2.1
40.75,-85.25,2021,1,26,300.39,-1.86
41.25,-87.25,2021,1,26,281.55,-2.63
41.25,-86.75,2021,1,26,284.86,-2.94
41.25,-86.25,2021,1,26,284.86,-3.16
41.25,-85.75,2021,1,26,289.04,-3.04
41.25,-85.25,2021,1,26,289.04,-2.82
39.25,-87.25,2021,1,27,269.29,-5.14
39.25,-86.75,2021,1,27,276.49,-4.92
39.25,-86.25,2021,1,27,276.49,-4.63
39.25,-85.75,2021,1,27,278.23,-4.25
39.25,-85.25,2021,1,27,278.23,-3.89
39.75,-87.25,2021,1,27,269.29,-5.97
39.75,-86.75,2021,1,27,276.49,-5.89
39.75,-86.25,2021,1,27,276.49,-5.67
39.75,-85.75,2021,1,27,278.23,-5.33
39.75,-85.25,2021,1,27,278.23,-5.06
40.25,-87.25,2021,1,27,256.02,-6.57
40.25,-86.75,2021,1,27,265.45,-6.65
40.25,-86.25,2021,1,27,265.45,-6.51
40.25,-85.75,2021,1,27,261.66,-6.26
40.25,-85.25,2021,1,27,261.66,-6.07
40.75,-87.25,2021,1,27,256.02,-6.85
40.75,-86.75,2021,1,27,265.45,-7.22
40.75,-86.25,2021,1,27,265.45,-7.29
40.75,-85.75,2021,1,27,261.66,-7.12
40.75,-85.25,2021,1,27,261.66,-6.94
41.25,-87.25,2021,1,27,249.82,-6.27
41.25,-86.75,2021,1,27,243.63,-7.07
41.25,-86.25,2021,1,27,243.63,-7.75
41.25,-85.75,2021,1,27,245.16,-7.9
41.25,-85.25,2021,1,27,245.16,-7.89
39.25,-87.25,2021,1,28,212.98,-8.05
39.25,-86.75,2021,1,28,221.45,-7.54
39.25,-86.25,2021,1,28,221.45,-7.11
39.25,-85.75,2021,1,28,240.41,-7.19
39.25,-85.25,2021,1,28,240.41,-7.2
39.75,-87.25,2021,1,28,212.98,-8.28
39.75,-86.75,2021,1,28,221.45,-7.72
39.75,-86.25,2021,1,28,221.45,-7.09
39.75,-85.75,2021,1,28,240.41,-7.29
39.75,-85.25,2021,1,28,240.41,-7.5
40.25,-87.25,2021,1,28,198.95,-8.75
40.25,-86.75,2021,1,28,222.17,-7.89
40.25,-86.25,2021,1,28,222.17,-7.03
40.25,-85.75,2021,1,28,235.27,-7.37
40.25,-85.25,2021,1,28,235.27,-7.62
40.75,-87.25,2021,1,28,198.95,-9.23
40.75,-86.75,2021,1,28,222.17,-8.04
40.75,-86.25,2021,1,28,222.17,-7.38
40.75,-85.75,2021,1,28,235.27,-7.74
40.75,-85.25,2021,1,28,235.27,-7.9
41.25,-87.25,2021,1,28,215.07,-9.04
41.25,-86.75,2021,1,28,238.91,-7.83
41.25,-86.25,2021,1,28,238.91,-7.79
41.25,-85.75,2021,1,28,239.16,-8.34
41.25,-85.25,2021,1,28,239.16,-8.6
39.25,-87.25,2021,1,29,226.84,-6.23
39.25,-86.75,2021,1,29,224.61,-6.47
39.25,-86.25,2021,1,29,224.61,-6.7
39.25,-85.75,2021,1,29,237.02,-6.79
39.25,-85.25,2021,1,29,237.02,-6.73
39.75,-87.25,2021,1,29,226.84,-6.29
39.75,-86.75,2021,1,29,224.61,-6.59
39.75,-86.25,2021,1,29,224.61,-6.74
39.75,-85.75,2021,1,29,237.02,-6.77
39.75,-85.25,2021,1,29,237.02,-6.83
40.25,-87.25,2021,1,29,231.18,-6.56
40.25,-86.75,2021,1,29,241.07,-6.74
40.25,-86.25,2021,1,29,241.07,-6.65
40.25,-85.75,2021,1,29,232.93,-6.64
40.25,-85.25,2021,1,29,232.93,-6.83
40.75,-87.25,2021,1,29,231.18,-7.09
40.75,-86.75,2021,1,29,241.07,-7.06
40.75,-86.25,2021,1,29,241.07,-6.93
40.75,-85.75,2021,1,29,232.93,-7.03
40.75,-85.25,2021,1,29,232.93,-7.26
41.25,-87.25,2021,1,29,236.49,-7.2
41.25,-86.75,2021,1,29,227.98,-7.15
41.25,-86.25,2021,1,29,227.98,-7.35
41.25,-85.75,2021,1,29,220.78,-7.76
41.25,-85.25,2021,1,29,220.78,-8.14
39.25,-87.25,2021,1,30,285.29,-1.52
39.25,-86.75,2021,1,30,278.52,-1.93
39.25,-86.25,2021,1,30,278.52,-2.44
39.25,-85.75,2021,1,30,271.03,-2.91
39.25,-85.25,2021,1,30,271.03,-3.34
39.75,-87.25,2021,1,30,285.29,-2.07
39.75,-86.75,2021,1,30,278.52,-2.52
39.75,-86.25,2021,1,30,278.52,-2.98
39.75,-85.75,2021,1,30,271.03,-3.44
39.75,-85.25,2021,1,30,271.03,-3.9
40.25,-87.25,2021,1,30,281.62,-2.57
40.25,-86.75,2021,1,30,275.63,-2.97
40.25,-86.25,2021,1,30,275.63,-3.31
40.25,-85.75,2021,1,30,267.38,-3.69
40.25,-85.25,2021,1,30,267.38,-4.14
40.75,-87.25,2021,1,30,281.62,-3.03
40.75,-86.75,2021,1,30,275.63,-3.33
40.75,-86.25,2021,1,30,275.63,-3.64
40.75,-85.75,2021,1,30,267.38,-4.02
40.75,-85.25,2021,1,30,267.38,-4.42
41.25,-87.25,2021,1,30,275.79,-3.28
41.25,-86.75,2021,1,30,268.58,-3.65
41.25,-86.25,2021,1,30,268.58,-4.17
41.25,-85.75,2021,1,30,261.59,-4.73
41.25,-85.25,2021,1,30,261.59,-5.2
39.25,-87.25,2021,1,31,294.93,0.25
39.25,-86.75,2021,1,31,297.56,0.16
39.25,-86.25,2021,1,31,297.56,0.03
39.25,-85.75,2021,1,31,297.28,-0.05
39.25,-85.25,2021,1,31,297.28,-0.06
39.75,-87.25,2021,1,31,294.93,-0.11
39.75,-86.75,2021,1,31,297.56,-0.17
39.75,-86.25,2021,1,31,297.56,-0.28
39.75,-85.75,2021,1,31,297.28,-0.42
39.75,-85.25,2021,1,31,297.28,-0.55
40.25,-87.25,2021,1,31,288.57,-0.46
40.25,-86.75,2021,1,31,292.91,-0.54
40.25,-86.25,2021,1,31,292.91,-0.7
40.25,-85.75,2021,1,31,294.73,-0.93
40.25,-85.25,2021,1,31,294.73,-1.13
40.75,-87.25,2021,1,31,288.57,-1.07
40.75,-86.75,2021,1,31,292.91,-1.2
40.75,-86.25,2021,1,31,292.91,-1.41
40.75,-85.75,2021,1,31,294.73,-1.62
40.75,-85.25,2021,1,31,294.73,-1.73
41.25,-87.25,2021,1,31,277.07,-1.68
41.25,-86.75,2021,1,31,283.09,-1.92
41.25,-86.25,2021,1,31,283.09,-2.2
41.25,-85.75,2021,1,31,286.73,-2.38
41.25,-85.25,2021,1,31,286.73,-2.46
39.25,-87.25,2021,2,1,261.12,-3.32
39.25,-86.75,2021,2,1,259.34,-3.04
39.25,-86.25,2021,2,1,259.34,-3.38
39.25,-85.75,2021,2,1,271.66,-3.77
39.25,-85.25,2021,2,1,271.66,-3.78
39.75,-87.25,2021,2,1,261.12,-3.95
39.75,-86.75,2021,2,1,259.34,-3.61
39.75,-86.25,2021,2,1,259.34,-3.99
39.75,-85.75,2021,2,1,271.66,-4.34
39.75,-85.25,2021,2,1,271.66,-4.36
40.25,-87.25,2021,2,1,245.59,-4.37
40.25,-86.75,2021,2,1,245.84,-4.04
40.25,-86.25,2021,2,1,245.84,-4.51
40.25,-85.75,2021,2,1,264.09,-4.8
40.25,-85.25,2021,2,1,264.09,-4.68
40.75,-87.25,2021,2,1,245.59,-4.5
40.75,-86.75,2021,2,1,245.84,-4.27
40.75,-86.25,2021,2,1,245.84,-5.02
40.75,-85.75,2021,2,1,264.09,-5.22
40.75,-85.25,2021,2,1,264.09,-4.92
41.25,-87.25,2021,2,1,251.93,-4.16
41.25,-86.75,2021,2,1,246.0,-4.17
41.25,-86.25,2021,2,1,246.0,-5.33
41.25,-85.75,2021,2,1,252.26,-5.63
41.25,-85.25,2021,2,1,252.26,-5.3
39.25,-87.25,2021,2,2,245.68,-6.26
39.25,-86.75,2021,2,2,260.08,-5.79
39.25,-86.25,2021,2,2,260.08,-5.44
39.25,-85.75,2021,2,2,224.99,-6.19
39.25,-85.25,2021,2,2,224.99,-6.49
39.75,-87.25,2021,2,2,245.68,-6.64
39.75,-86.75,2021,2,2,260.08,-5.84
39.75,-86.25,2021,2,2,260.08,-5.61
39.75,-85.75,2021,2,2,224.99,-6.49
39.75,-85.25,2021,2,2,224.99,-6.81
40.25,-87.25,2021,2,2,255.34,-6.4
40.25,-86.75,2021,2,2,268.1,-5.44
40.25,-86.25,2021,2,2,268.1,-5.79
40.25,-85.75,2021,2,2,211.36,-6.7
40.25,-85.25,2021,2,2,211.36,-6.93
40.75,-87.25,2021,2,2,255.34,-5.55
40.75,-86.75,2021,2,2,268.1,-4.83
40.75,-86.25,2021,2,2,268.1,-6.0
40.75,-85.75,2021,2,2,211.36,-6.87
40.75,-85.25,2021,2,2,211.36,-7.17
41.25,-87.25,2021,2,2,264.01,-4.23
41.25,-86.75,2021,2,2,260.94,-4.12
41.25,-86.25,2021,2,2,260.94,-6.01
41.25,-85.75,2021,2,2,207.2,-7.09
41.25,-85.25,2021,2,2,207.2,-7.52
39.25,-87.25,2021,2,3,228.81,-5.48
39.25,-86.75,2021,2,3,226.59,-5.41
39.25,-86.25,2021,2,3,226.59,-5.63
39.25,-85.75,2021,2,3,227.63,-6.02
39.25,-85.25,2021,2,3,227.63,-6.08
39.75,-87.25,2021,2,3,228.81,-6.26
39.75,-86.75,2021,2,3,226.59,-5.89
39.75,-86.25,2021,2,3,226.59,-5.72
39.75,-85.75,2021,2,3,227.63,-5.84
39.75,-85.25,2021,2,3,227.63,-6.29
40.25,-87.25,2021,2,3,217.37,-6.41
40.25,-86.75,2021,2,3,224.15,-5.66
40.25,-86.25,2021,2,3,224.15,-5.22
40.25,-85.75,2021,2,3,218.25,-5.6
40.25,-85.25,2021,2,3,218.25,-6.32
40.75,-87.25,2021,2,3,217.37,-6.02
40.75,-86.75,2021,2,3,224.15,-5.01
40.75,-86.25,2021,2,3,224.15,-4.82
40.75,-85.75,2021,2,3,218.25,-5.7
40.75,-85.25,2021,2,3,218.25,-6.43
41.25,-87.25,2021,2,3,225.61,-5.22
41.25,-86.75,2021,2,3,234.38,-4.2
41.25,-86.25,2021,2,3,234.38,-4.58
41.25,-85.75,2021,2,3,206.73,-5.93
41.25,-85.25,2021,2,3,206.73,-6.86
39.25,-87.25,2021,2,4,298.3,-1.7
39.25,-86.75,2021,2,4,290.03,-1.87
39.25,-86.25,2021,2,4,290.03,-2.16
39.25,-85.75,2021,2,4,283.44,-2.63
39.25,-85.25,2021,2,4,283.44,-2.83
39.75,-87.25,2021,2,4,298.3,-2.27
39.75,-86.75,2021,2,4,290.03,-2.35
39.75,-86.25,2021,2,4,290.03,-2.56
39.75,-85.75,2021,2,4,283.44,-2.92
39.75,-85.25,2021,2,4,283.44,-3.13
40.25,-87.25,2021,2,4,282.91,-2.52
40.25,-86.75,2021,2,4,285.77,-2.53
40.25,-86.25,2021,2,4,285.77,-2.66
40.25,-85.75,2021,2,4,281.31,-2.84
40.25,-85.25,2021,2,4,281.31,-3.02
40.75,-87.25,2021,2,4,282.91,-2.67
40.75,-86.75,2021,2,4,285.77,-2.63
40.75,-86.25,2021,2,4,285.77,-2.72
40.75,-85.75,2021,2,4,281.31,-2.84
40.75,-85.25,2021,2,4,281.31,-2.95
41.25,-87.25,2021,2,4,284.41,-2.65
41.25,-86.75,2021,2,4,280.39,-2.61
41.25,-86.25,2021,2,4,280.39,-2.74
41.25,-85.75,2021,2,4,277.47,-2.94
41.25,-85.25,2021,2,4,277.47,-3.08
39.25,-87.25,2021,2,5,243.52,-6.04
39.25,-86.75,2021,2,5,246.65,-5.96
39.25,-86.25,2021,2,5,246.65,-5.94
39.25,-85.75,2021,2,5,251.2,-6.04
39.25,-85.25,2021,2,5,251.2,-5.72
39.75,-87.25,2021,2,5,243.52,-8.14
39.75,-86.75,2021,2,5,246.65,-7.93
39.75,-86.25,2021,2,5,246.65,-7.81
39.75,-85.75,2021,2,5,251.2,-7.76
39.75,-85.25,2021,2,5,251.2,-7.56
40.25,-87.25,2021,2,5,208.62,-9.77
40.25,-86.75,2021,2,5,221.07,-9.42
40.25,-86.25,2021,2,5,221.07,-9.15
40.25,-85.75,2021,2,5,232.02,-8.96
40.25,-85.25,2021,2,5,232.02,-8.71
40.75,-87.25,2021,2,5,208.62,-10.84
40.75,-86.75,2021,2,5,221.07,-10.43
40.75,-86.25,2021,2,5,221.07,-10.1
40.75,-85.75,2021,2,5,232.02,-9.83
40.75,-85.25,2021,2,5,232.02,-9.51
41.25,-87.25,2021,2,5,193.71,-11.36
41.25,-86.75,2021,2,5,214.23,-10.95
41.25,-86.25,2021,2,5,214.23,-10.8
41.25,-85.75,2021,2,5,224.48,-10.58
41.25,-85.25,2021,2,5,224.48,-10.31
39.25,-87.25,2021,2,6,214.63,-8.6
39.25,-86.75,2021,2,6,216.2,-8.47
39.25,-86.25,2021,2,6,216.2,-8.56
39.25,-85.75,2021,2,6,216.96,-9.11
39.25,-85.25,2021,2,6,216.96,-9.09
39.75,-87.25,2021,2,6,214.63,-10.68
39.75,-86.75,2021,2,6,216.2,-10.53
39.75,-86.25,2021,2,6,216.2,-10.6
39.75,-85.75,2021,2,6,216.96,-10.98
39.75,-85.25,2021,2,6,216.96,-11.2
40.25,-87.25,2021,2,6,195.73,-12.58
40.25,-86.75,2021,2,6,202.62,-12.11
40.25,-86.25,2021,2,6,202.62,-11.85
40.25,-85.75,2021,2,6,198.35,-11.79
40.25,-85.25,2021,2,6,198.35,-11.77
40.75,-87.25,2021,2,6,195.73,-13.95
40.75,-86.75,2021,2,6,202.62,-13.18
40.75,-86.25,2021,2,6,202.62,-12.67
40.75,-85.75,2021,2,6,198.35,-12.33
40.75,-85.25,2021,2,6,198.35,-12.0
41.25,-87.25,2021,2,6,203.06,-14.17
41.25,-86.75,2021,2,6,214.27,-13.26
41.25,-86.25,2021,2,6,214.27,-12.84
41.25,-85.75,2021,2,6,212.05,-12.49
41.25,-85.25,2021,2,6,212.05,-12.21
39.25,-87.25,2021,2,7,215.8,-14.07
39.25,-86.75,2021,2,7,211.19,-13.38
39.25,-86.25,2021,2,7,211.19,-12.86
39.25,-85.75,2021,2,7,209.7,-12.67
39.25,-85.25,2021,2,7,209.7,-12.12
39.75,-87.25,2021,2,7,215.8,-16.3
39.75,-86.75,2021,2,7,211.19,-15.51
39.75,-86.25,2021,2,7,211.19,-14.79
39.75,-85.75,2021,2,7,209.7,-14.26
39.75,-85.25,2021,2,7,209.7,-13.71
40.25,-87.25,2021,2,7,183.26,-18.04
40.25,-86.75,2021,2,7,187.57,-16.94
40.25,-86.25,2021,2,7,187.57,-15.92
40.25,-85.75,2021,2,7,186.2,-15.04
40.25,-85.25,2021,2,7,186.2,-14.18
40.75,-87.25,2021,2,7,183.26,-19.04
40.75,-86.75,2021,2,7,187.57,-17.55
40.75,-86.25,2021,2,7,187.57,-16.33
40.75,-85.75,2021,2,7,186.2,-15.12
40.75,-85.25,2021,2,7,186.2,-14.07
41.25,-87.25,2021,2,7,190.3,-18.48
41.25,-86.75,2021,2,7,212.26,-16.53
41.25,-86.25,2021,2,7,212.26,-15.49
41.25,-85.75,2021,2,7,205.65,-14.62
41.25,-85.25,2021,2,7,205.65,-14.12
39.25,-87.25,2021,2,8,262.16,-7.59
39.25,-86.75,2021,2,8,269.02,-7.3
39.25,-86.25,2021,2,8,269.02,-7.35
39.25,-85.75,2021,2,8,265.33,-7.66
39.25,-85.25,2021,2,8,265.33,-7.56
39.75,-87.25,2021,2,8,262.16,-9.64
39.75,-86.75,2021,2,8,269.02,-9.17
39.75,-86.25,2021,2,8,269.02,-8.99
39.75,-85.75,2021,2,8,265.33,-9.13
39.75,-85.25,2021,2,8,265.33,-9.21
40.25,-87.25,2021,2,8,240.09,-11.39
40.25,-86.75,2021,2,8,252.15,-10.75
40.25,-86.25,2021,2,8,252.15,-10.29
40.25,-85.75,2021,2,8,250.62,-10.11
40.25,-85.25,2021,2,8,250.62,-10.03
40.75,-87.25,2021,2,8,240.09,-12.63
40.75,-86.75,2021,2,8,252.15,-11.9
40.75,-86.25,2021,2,8,252.15,-11.37
40.75,-85.75,2021,2,8,250.62,-11.05
40.75,-85.25,2021,2,8,250.62,-10.8
41.25,-87.25,2021,2,8,238.23,-13.18
41.25,-86.75,2021,2,8,244.66,-12.46
41.25,-86.25,2021,2,8,244.66,-12.19
41.25,-85.75,2021,2,8,241.56,-12.03
41.25,-85.25,2021,2,8,241.56,-11.91
39.25,-87.25,2021,2,9,270.62,-6.55
39.25,-86.75,2021,2,9,270.58,-5.87
39.25,-86.25,2021,2,9,270.58,-5.83
39.25,-85.75,2021,2,9,274.5,-6.0
39.25,-85.25,2021,2,9,274.5,-5.98
39.75,-87.25,2021,2,9,270.62,-8.31
39.75,-86.75,2021,2,9,270.58,-7.49
39.75,-86.25,2021,2,9,270.58,-7.37
39.75,-85.75,2021,2,9,274.5,-7.57
39.75,-85.25,2021,2,9,274.5,-7.83
40.25,-87.25,2021,2,9,242.74,-9.85
40.25,-86.75,2021,2,9,246.2,-8.68
40.25,-86.25,2021,2,9,246.2,-8.35
40.25,-85.75,2021,2,9,244.7,-8.43
40.25,-85.25,2021,2,9,244.7,-8.63
40.75,-87.25,2021,2,9,242.74,-11.06
40.75,-86.75,2021,2,9,246.2,-9.61
40.75,-86.25,2021,2,9,246.2,-9.23
40.75,-85.75,2021,2,9,244.7,-9.14
40.75,-85.25,2021,2,9,244.7,-9.14
41.25,-87.25,2021,2,9,221.98,-11.43
41.25,-86.75,2021,2,9,240.71,-9.94
41.25,-86.25,2021,2,9,240.71,-9.98
41.25,-85.75,2021,2,9,229.99,-10.01
41.25,-85.25,2021,2,9,229.99,-10.11
39.25,-87.25,2021,2,10,270.84,-6.49
39.25,-86.75,2021,2,10,273.19,-6.62
39.25,-86.25,2021,2,10,273.19,-6.89
39.25,-85.75,2021,2,10,273.45,-7.16
39.25,-85.25,2021,2,10,273.45,-7.26
39.75,-87.25,2021,2,10,270.84,-7.75
39.75,-86.75,2021,2,10,273.19,-7.74
39.75,-86.25,2021,2,10,273.19,-7.89
39.75,-85.75,2021,2,10,273.45,-8.17
39.75,-85.25,2021,2,10,273.45,-8.42
40.25,-87.25,2021,2,10,252.83,-8.89
40.25,-86.75,2021,2,10,257.86,-8.75
40.25,-86.25,2021,2,10,257.86,-8.81
40.25,-85.75,2021,2,10,256.16,-8.97
40.25,-85.25,2021,2,10,256.16,-9.18
40.75,-87.25,2021,2,10,252.83,-9.62
40.75,-86.75,2021,2,10,257.86,-9.42
40.75,-86.25,2021,2,10,257.86,-9.61
40.75,-85.75,2021,2,10,256.16,-9.75
40.75,-85.25,2021,2,10,256.16,-9.92
41.25,-87.25,2021,2,10,244.68,-9.68
41.25,-86.75,2021,2,10,246.22,-9.36
41.25,-86.25,2021,2,10,246.22,-9.97
41.25,-85.75,2021,2,10,239.39,-10.41
41.25,-85.25,2021,2,10,239.39,-10.89
39.25,-87.25,2021,2,11,261.25,-7.41
39.25,-86.75,2021,2,11,258.85,-7.62
39.25,-86.25,2021,2,11,258.85,-7.85
39.25,-85.75,2021,2,11,261.56,-8.08
39.25,-85.25,2021,2,11,261.56,-7.97
39.75,-87.25,2021,2,11,261.25,-8.26
39.75,-86.75,2021,2,11,258.85,-8.4
39.75,-86.25,2021,2,11,258.85,-8.59
39.75,-85.75,2021,2,11,261.56,-8.79
39.75,-85.25,2021,2,11,261.56,-8.89
40.25,-87.25,2021,2,11,245.1,-8.87
40.25,-86.75,2021,2,11,246.26,-9.0
40.25,-86.25,2021,2,11,246.26,-9.22
40.25,-85.75,2021,2,11,242.73,-9.34
40.25,-85.25,2021,2,11,242.73,-9.47
40.75,-87.25,2021,2,11,245.1,-9.13
40.75,-86.75,2021,2,11,246.26,-9.38
40.75,-86.25,2021,2,11,246.26,-9.83
40.75,-85.75,2021,2,11,242.73,-9.99
40.75,-85.25,2021,2,11,242.73,-10.13
41.25,-87.25,2021,2,11,240.48,-8.9
41.25,-86.75,2021,2,11,237.84,-9.24
41.25,-86.25,2021,2,11,237.84,-10.27
41.25,-85.75,2021,2,11,221.03,-10.8
41.25,-85.25,2021,2,11,221.03,-11.15
39.25,-87.25,2021,2,12,265.48,-7.66
39.25,-86.75,2021,2,12,272.66,-7.61
39.25,-86.25,2021,2,12,272.66,-8.03
39.25,-85.75,2021,2,12,272.84,-8.38
39.25,-85.25,2021,2,12,272.84,-8.21
39.75,-87.25,2021,2,12,265.48,-8.48
39.75,-86.75,2021,2,12,272.66,-8.15
39.75,-86.25,2021,2,12,272.66,-8.42
39.75,-85.75,2021,2,12,272.84,-8.65
39.75,-85.25,2021,2,12,272.84,-8.67
40.25,-87.25,2021,2,12,250.45,-9.02
40.25,-86.75,2021,2,12,256.66,-8.4
40.25,-86.25,2021,2,12,256.66,-8.51
40.25,-85.75,2021,2,12,258.32,-8.61
40.25,-85.25,2021,2,12,258.32,-8.65
40.75,-87.25,2021,2,12,250.45,-9.38
40.75,-86.75,2021,2,12,256.66,-8.54
40.75,-86.25,2021,2,12,256.66,-8.58
40.75,-85.75,2021,2,12,258.32,-8.72
40.75,-85.25,2021,2,12,258.32,-8.73
41.25,-87.25,2021,2,12,245.34,-9.29
41.25,-86.75,2021,2,12,248.51,-8.39
41.25,-86.25,2021,2,12,248.51,-8.55
41.25,-85.75,2021,2,12,248.06,-8.94
41.25,-85.25,2021,2,12,248.06,-9.12
39.25,-87.25,2021,2,13,252.98,-9.24
39.25,-86.75,2021,2,13,257.24,-8.01
39.25,-86.25,2021,2,13,257.24,-7.65
39.25,-85.75,2021,2,13,277.24,-7.23
39.25,-85.25,2021,2,13,277.24,-6.73
39.75,-87.25,2021,2,13,252.98,-10.15
39.75,-86.75,2021,2,13,257.24,-8.54
39.75,-86.25,2021,2,13,257.24,-7.93
39.75,-85.75,2021,2,13,277.24,-7.67
39.75,-85.25,2021,2,13,277.24,-7.52
40.25,-87.25,2021,2,13,243.48,-10.96
40.25,-86.75,2021,2,13,257.05,-8.93
40.25,-86.25,2021,2,13,257.05,-8.1
40.25,-85.75,2021,2,13,266.55,-7.79
40.25,-85.25,2021,2,13,266.55,-7.72
40.75,-87.25,2021,2,13,243.48,-11.31
40.75,-86.75,2021,2,13,257.05,-9.06
40.75,-86.25,2021,2,13,257.05,-8.26
40.75,-85.75,2021,2,13,266.55,-8.03
40.75,-85.25,2021,2,13,266.55,-7.97
41.25,-87.25,2021,2,13,230.19,-10.89
41.25,-86.75,2021,2,13,252.3,-8.7
41.25,-86.25,2021,2,13,252.3,-8.33
41.25,-85.75,2021,2,13,259.27,-8.45
41.25,-85.25,2021,2,13,259.27,-8.66
39.25,-87.25,2021,2,14,224.42,-14.24
39.25,-86.75,2021,2,14,242.22,-12.19
39.25,-86.25,2021,2,14,242.22,-10.82
39.25,-85.75,2021,2,14,245.6,-9.95
39.25,-85.25,2021,2,14,245.6,-9.14
39.75,-87.25,2021,2,14,224.42,-15.54
39.75,-86.75,2021,2,14,242.22,-13.22
39.75,-86.25,2021,2,14,242.22,-11.62
39.75,-85.75,2021,2,14,245.6,-10.62
39.75,-85.25,2021,2,14,245.6,-9.9
40.25,-87.25,2021,2,14,210.91,-16.35
40.25,-86.75,2021,2,14,226.28,-13.7
40.25,-86.25,2021,2,14,226.28,-12.05
40.25,-85.75,2021,2,14,226.92,-10.91
40.25,-85.25,2021,2,14,226.92,-10.12
40.75,-87.25,2021,2,14,210.91,-16.46
40.75,-86.75,2021,2,14,226.28,-13.55
40.75,-86.25,2021,2,14,226.28,-12.08
40.75,-85.75,2021,2,14,226.92,-11.01
40.75,-85.25,2021,2,14,226.92,-10.32
41.25,-87.25,2021,2,14,217.61,-15.55
41.25,-86.75,2021,2,14,234.18,-12.72
41.25,-86.25,2021,2,14,234.18,-11.81
41.25,-85.75,2021,2,14,241.67,-11.17
41.25,-85.25,2021,2,14,241.67,-10.9
39.25,-87.25,2021,2,15,244.28,-11.67
39.25,-86.75,2021,2,15,247.17,-10.71
39.25,-86.25,2021,2,15,247.17,-10.26
39.25,-85.75,2021,2,15,256.43,-9.87
39.25,-85.25,2021,2,15,256.43,-9.21
39.75,-87.25,2021,2,15,244.28,-12.38
39.75,-86.75,2021,2,15,247.17,-11.42
39.75,-86.25,2021,2,15,247.17,-11.01
39.75,-85.75,2021,2,15,256.43,-10.74
39.75,-85.25,2021,2,15,256.43,-10.32
40.25,-87.25,2021,2,15,232.18,-12.81
40.25,-86.75,2021,2,15,238.62,-11.88
40.25,-86.25,2021,2,15,238.62,-11.57
40.25,-85.75,2021,2,15,239.41,-11.41
40.25,-85.25,2021,2,15,239.41,-11.12
40.75,-87.25,2021,2,15,232.18,-12.7
40.75,-86.75,2021,2,15,238.62,-12.05
40.75,-86.25,2021,2,15,238.62,-12.02
40.75,-85.75,2021,2,15,239.41,-11.95
40.75,-85.25,2021,2,15,239.41,-11.69
41.25,-87.25,2021,2,15,232.55,-11.83
41.25,-86.75,2021,2,15,234.25,-11.81
41.25,-86.25,2021,2,15,234.25,-12.44
41.25,-85.75,2021,2,15,234.96,-12.51
41.25,-85.25,2021,2,15,234.96,-12.41
39.25,-87.25,2021,2,16,206.16,-12.26
39.25,-86.75,2021,2,16,211.49,-12.1
39.25,-86.25,2021,2,16,211.49,-12.26
39.25,-85.75,2021,2,16,219.0,-12.41
39.25,-85.25,2021,2,16,219.0,-12.23
39.75,-87.25,2021,2,16,206.16,-12.83
39.75,-86.75,2021,2,16,211.49,-12.62
39.75,-86.25,2021,2,16,211.49,-12.78
39.75,-85.75,2021,2,16,219.0,-12.8
39.75,-85.25,2021,2,16,219.0,-12.67
40.25,-87.25,2021,2,16,203.41,-12.93
40.25,-86.75,2021,2,16,207.79,-12.58
40.25,-86.25,2021,2,16,207.79,-12.73
40.25,-85.75,2021,2,16,207.62,-12.69
40.25,-85.25,2021,2,16,207.62,-12.67
40.75,-87.25,2021,2,16,203.41,-12.29
40.75,-86.75,2021,2,16,207.79,-12.08
40.75,-86.25,2021,2,16,207.79,-12.48
40.75,-85.75,2021,2,16,207.62,-12.84
40.75,-85.25,2021,2,16,207.62,-12.87
41.25,-87.25,2021,2,16,234.31,-11.2
41.25,-86.75,2021,2,16,229.38,-11.57
41.25,-86.25,2021,2,16,229.38,-12.82
41.25,-85.75,2021,2,16,228.38,-13.54
41.25,-85.25,2021,2,16,228.38,-13.58
39.25,-87.25,2021,2,17,245.86,-10.64
39.25,-86.75,2021,2,17,240.37,-10.72
39.25,-86.25,2021,2,17,240.37,-11.17
39.25,-85.75,2021,2,17,235.27,-11.2
39.25,-85.25,2021,2,17,235.27,-10.95
39.75,-87.25,2021,2,17,245.86,-11.35
39.75,-86.75,2021,2,17,240.37,-11.32
39.75,-86.25,2021,2,17,240.37,-11.67
39.75,-85.75,2021,2,17,235.27,-11.77
39.75,-85.25,2021,2,17,235.27,-11.67
40.25,-87.25,2021,2,17,233.52,-11.77
40.25,-86.75,2021,2,17,233.41,-11.41
40.25,-86.25,2021,2,17,233.41,-11.52
40.25,-85.75,2021,2,17,230.3,-11.56
40.25,-85.25,2021,2,17,230.3,-11.61
40.75,-87.25,2021,2,17,233.52,-11.91
40.75,-86.75,2021,2,17,233.41,-11.5
40.75,-86.25,2021,2,17,233.41,-11.81
40.75,-85.75,2021,2,17,230.3,-11.99
40.75,-85.25,2021,2,17,230.3,-12.13
41.25,-87.25,2021,2,17,235.58,-11.71
41.25,-86.75,2021,2,17,235.68,-11.89
41.25,-86.25,2021,2,17,235.68,-13.04
41.25,-85.75,2021,2,17,235.62,-13.42
41.25,-85.25,2021,2,17,235.62,-13.51
39.25,-87.25,2021,2,18,253.82,-8.07
39.25,-86.75,2021,2,18,259.33,-7.91
39.25,-86.25,2021,2,18,259.33,-7.91
39.25,-85.75,2021,2,18,264.61,-7.77
39.25,-85.25,2021,2,18,264.61,-7.43
39.75,-87.25,2021,2,18,253.82,-8.76
39.75,-86.75,2021,2,18,259.33,-8.65
39.75,-86.25,2021,2,18,259.33,-8.63
39.75,-85.75,2021,2,18,264.61,-8.42
39.75,-85.25,2021,2,18,264.61,-8.18
40.25,-87.25,2021,2,18,245.65,-9.36
40.25,-86.75,2021,2,18,258.9,-9.24
40.25,-86.25,2021,2,18,258.9,-9.21
40.25,-85.75,2021,2,18,256.91,-8.94
40.25,-85.25,2021,2,18,256.91,-8.64
40.75,-87.25,2021,2,18,245.65,-10.0
40.75,-86.75,2021,2,18,258.9,-9.81
40.75,-86.25,2021,2,18,258.9,-9.85
40.75,-85.75,2021,2,18,256.91,-9.51
40.75,-85.25,2021,2,18,256.91,-9.08
41.25,-87.25,2021,2,18,249.86,-10.1
41.25,-86.75,2021,2,18,256.29,-9.98
41.25,-86.25,2021,2,18,256.29,-10.26
41.25,-85.75,2021,2,18,255.51,-10.09
41.25,-85.25,2021,2,18,255.51,-9.72
39.25,-87.25,2021,2,19,221.66,-10.13
39.25,-86.75,2021,2,19,213.59,-10.36
39.25,-86.25,2021,2,19,213.59,-10.93
39.25,-85.75,2021,2,19,226.71,-11.19
39.25,-85.25,2021,2,19,226.71,-11.04
39.75,-87.25,2021,2,19,221.66,-10.78
39.75,-86.75,2021,2,19,213.59,-11.03
39.75,-86.25,2021,2,19,213.59,-11.52
39.75,-85.75,2021,2,19,226.71,-11.57
39.75,-85.25,2021,2,19,226.71,-11.31
40.25,-87.25,2021,2,19,220.24,-11.11
40.25,-86.75,2021,2,19,217.38,-11.23
40.25,-86.25,2021,2,19,217.38,-11.57
40.25,-85.75,2021,2,19,218.63,-11.43
40.25,-85.25,2021,2,19,218.63,-10.99
40.75,-87.25,2021,2,19,220.24,-11.15
40.75,-86.75,2021,2,19,217.38,-11.04
40.75,-86.25,2021,2,19,217.38,-11.16
40.75,-85.75,2021,2,19,218.63,-11.02
40.75,-85.25,2021,2,19,218.63,-10.67
41.25,-87.25,2021,2,19,216.0,-10.77
41.25,-86.75,2021,2,19,226.59,-10.33
41.25,-86.25,2021,2,19,226.59,-10.52
41.25,-85.75,2021,2,19,227.24,-10.59
41.25,-85.25,2021,2,19,227.24,-10.56
39.25,-87.25,2021,2,20,237.67,-6.36
39.25,-86.75,2021,2,20,229.97,-6.87
39.25,-86.25,2021,2,20,229.97,-7.61
39.25,-85.75,2021,2,20,234.34,-8.53
39.25,-85.25,2021,2,20,234.34,-9.09
39.75,-87.25,2021,2,20,237.67,-6.17
39.75,-86.75,2021,2,20,229.97,-6.57
39.75,-86.25,2021,2,20,229.97,-7.24
39.75,-85.75,2021,2,20,234.34,-8.11
39.75,-85.25,2021,2,20,234.34,-8.75
40.25,-87.25,2021,2,20,227.72,-6.7
40.25,-86.75,2021,2,20,232.9,-6.96
40.25,-86.25,2021,2,20,232.9,-7.56
40.25,-85.75,2021,2,20,218.88,-8.11
40.25,-85.25,2021,2,20,218.88,-8.57
40.75,-87.25,2021,2,20,227.72,-8.0
40.75,-86.75,2021,2,20,232.9,-7.99
40.75,-86.25,2021,2,20,232.9,-8.46
40.75,-85.75,2021,2,20,218.88,-8.77
40.75,-85.25,2021,2,20,218.88,-9.06
41.25,-87.25,2021,2,20,213.92,-9.05
41.25,-86.75,2021,2,20,219.5,-8.75
41.25,-86.25,2021,2,20,219.5,-9.13
41.25,-85.75,2021,2,20,196.78,-9.48
41.25,-85.25,2021,2,20,196.78,-9.83
39.25,-87.25,2021,2,21,278.55,-2.6
39.25,-86.75,2021,2,21,264.91,-3.24
39.25,-86.25,2021,2,21,264.91,-4.13
39.25,-85.75,2021,2,21,266.46,-4.44
39.25,-85.25,2021,2,21,266.46,-4.68
39.75,-87.25,2021,2,21,278.55,-2.96
39.75,-86.75,2021,2,21,264.91,-3.63
39.75,-86.25,2021,2,21,264.91,-4.35
39.75,-85.75,2021,2,21,266.46,-4.56
39.75,-85.25,2021,2,21,266.46,-4.82
40.25,-87.25,2021,2,21,264.8,-3.29
40.25,-86.75,2021,2,21,251.45,-3.81
40.25,-86.25,2021,2,21,251.45,-4.31
40.25,-85.75,2021,2,21,253.3,-4.44
40.25,-85.25,2021,2,21,253.3,-4.7
40.75,-87.25,2021,2,21,264.8,-3.53
40.75,-86.75,2021,2,21,251.45,-3.89
40.75,-86.25,2021,2,21,251.45,-4.39
40.75,-85.75,2021,2,21,253.3,-4.52
40.75,-85.25,2021,2,21,253.3,-4.66
41.25,-87.25,2021,2,21,269.66,-3.5
41.25,-86.75,2021,2,21,263.09,-3.79
41.25,-86.25,2021,2,21,263.09,-4.38
41.25,-85.75,2021,2,21,252.87,-4.67
41.25,-85.25,2021,2,21,252.87,-4.94
39.25,-87.25,2021,2,22,293.45,0.64
39.25,-86.75,2021,2,22,291.03,0.48
39.25,-86.25,2021,2,22,291.03,0.3
39.25,-85.75,2021,2,22,288.34,0.14
39.25,-85.25,2021,2,22,288.34,0.07
39.75,-87.25,2021,2,22,293.45,0.1
39.75,-86.75,2021,2,22,291.03,-0.05
39.75,-86.25,2021,2,22,291.03,-0.22
39.75,-85.75,2021,2,22,288.34,-0.36
39.75,-85.25,2021,2,22,288.34,-0.48
40.25,-87.25,2021,2,22,284.32,-0.41
40.25,-86.75,2021,2,22,288.42,-0.47
40.25,-86.25,2021,2,22,288.42,-0.57
40.25,-85.75,2021,2,22,290.45,-0.61
40.25,-85.25,2021,2,22,290.45,-0.64
40.75,-87.25,2021,2,22,284.32,-0.72
40.75,-86.75,2021,2,22,288.42,-0.68
40.75,-86.25,2021,2,22,288.42,-0.72
40.75,-85.75,2021,2,22,290.45,-0.76
40.75,-85.25,2021,2,22,290.45,-0.69
41.25,-87.25,2021,2,22,291.68,-0.9
41.25,-86.75,2021,2,22,294.34,-0.84
41.25,-86.25,2021,2,22,294.34,-0.86
41.25,-85.75,2021,2,22,291.92,-0.95
41.25,-85.25,2021,2,22,291.92,-0.9
39.25,-87.25,2021,2,23,256.41,3.01
39.25,-86.75,2021,2,23,251.87,2.58
39.25,-86.25,2021,2,23,251.87,2.29
39.25,-85.75,2021,2,23,252.57,2.0
39.25,-85.25,2021,2,23,252.57,1.79
39.75,-87.25,2021,2,23,256.41,2.38
39.75,-86.75,2021,2,23,251.87,2.01
39.75,-86.25,2021,2,23,251.87,1.73
39.75,-85.75,2021,2,23,252.57,1.42
39.75,-85.25,2021,2,23,252.57,1.07
40.25,-87.25,2021,2,23,246.64,1.9
40.25,-86.75,2021,2,23,250.39,1.63
40.25,-86.25,2021,2,23,250.39,1.38
40.25,-85.75,2021,2,23,250.34,1.18
40.25,-85.25,2021,2,23,250.34,0.91
40.75,-87.25,2021,2,23,246.64,1.52
40.75,-86.75,2021,2,23,250.39,1.39
40.75,-86.25,2021,2,23,250.39,1.18
40.75,-85.75,2021,2,23,250.34,0.98
40.75,-85.25,2021,2,23,250.34,0.94
41.25,-87.25,2021,2,23,246.69,1.14
41.25,-86.75,2021,2,23,252.5,1.07
41.25,-86.25,2021,2,23,252.5,0.9
41.25,-85.75,2021,2,23,253.35,0.67
41.25,-85.25,2021,2,23,253.35,0.61
39.25,-87.25,2021,2,24,281.49,5.74
39.25,-86.75,2021,2,24,284.41,5.65
39.25,-86.25,2021,2,24,284.41,5.44
39.25,-85.75,2021,2,24,284.2,5.14
39.25,-85.25,2021,2,24,284.2,4.99
39.75,-87.25,2021,2,24,281.49,4.66
39.75,-86.75,2021,2,24,284.41,4.54
39.75,-86.25,2021,2,24,284.41,4.37
39.75,-85.75,2021,2,24,284.2,4.11
39.75,-85.25,2021,2,24,284.2,3.82
40.25,-87.25,2021,2,24,263.39,3.59
40.25,-86.75,2021,2,24,276.32,3.55
40.25,-86.25,2021,2,24,276.32,3.49
40.25,-85.75,2021,2,24,276.07,3.35
40.25,-85.25,2021,2,24,276.07,3.2
40.75,-87.25,2021,2,24,263.39,2.68
40.75,-86.75,2021,2,24,276.32,2.72
40.75,-86.25,2021,2,24,276.32,2.74
40.75,-85.75,2021,2,24,276.07,2.69
40.75,-85.25,2021,2,24,276.07,2.72
41.25,-87.25,2021,2,24,261.57,1.89
41.25,-86.75,2021,2,24,266.16,1.92
41.25,-86.25,2021,2,24,266.16,1.91
41.25,-85.75,2021,2,24,264.77,1.88
41.25,-85.25,2021,2,24,264.77,1.9
39.25,-87.25,2021,2,25,253.59,0.34
39.25,-86.75,2021,2,25,249.11,0.23
39.25,-86.25,2021,2,25,249.11,0.07
39.25,-85.75,2021,2,25,241.85,-0.15
39.25,-85.25,2021,2,25,241.85,-0.31
39.75,-87.25,2021,2,25,253.59,-0.06
39.75,-86.75,2021,2,25,249.11,-0.18
39.75,-86.25,2021,2,25,249.11,-0.34
39.75,-85.75,2021,2,25,241.85,-0.63
39.75,-85.25,2021,2,25,241.85,-0.91
40.25,-87.25,2021,2,25,257.38,-0.36
40.25,-86.75,2021,2,25,253.24,-0.45
40.25,-86.25,2021,2,25,253.24,-0.63
40.25,-85.75,2021,2,25,241.59,-0.93
40.25,-85.25,2021,2,25,241.59,-1.28
40.75,-87.25,2021,2,25,257.38,-0.71
40.75,-86.75,2021,2,25,253.24,-0.75
40.75,-86.25,2021,2,25,253.24,-0.97
40.75,-85.75,2021,2,25,241.59,-1.23
40.75,-85.25,2021,2,25,241.59,-1.5
41.25,-87.25,2021,2,25,244.9,-1.12
41.25,-86.75,2021,2,25,242.95,-1.1
41.25,-86.25,2021,2,25,242.95,-1.48
41.25,-85.75,2021,2,25,238.67,-1.74
41.25,-85.25,2021,2,25,238.67,-1.99
39.25,-87.25,2021,2,26,275.77,1.21
39.25,-86.75,2021,2,26,274.61,0.94
39.25,-86.25,2021,2,26,274.61,0.67
39.25,-85.75,2021,2,26,278.77,0.49
39.25,-85.25,2021,2,26,278.77,0.43
39.75,-87.25,2021,2,26,275.77,0.6
39.75,-86.75,2021,2,26,274.61,0.34
39.75,-86.25,2021,2,26,274.61,0.08
39.75,-85.75,2021,2,26,278.77,-0.11
39.75,-85.25,2021,2,26,278.77,-0.26
40.25,-87.25,2021,2,26,265.93,0.09
40.25,-86.75,2021,2,26,262.77,-0.11
40.25,-86.25,2021,2,26,262.77,-0.32
40.25,-85.75,2021,2,26,254.25,-0.54
40.25,-85.25,2021,2,26,254.25,-0.76
40.75,-87.25,2021,2,26,265.93,-0.34
40.75,-86.75,2021,2,26,262.77,-0.53
40.75,-86.25,2021,2,26,262.77,-0.75
40.75,-85.75,2021,2,26,254.25,-0.96
40.75,-85.25,2021,2,26,254.25,-1.15
41.25,-87.25,2021,2,26,265.14,-0.76
41.25,-86.75,2021,2,26,256.64,-0.95
41.25,-86.25,2021,2,26,256.64,-1.22
41.25,-85.75,2021,2,26,242.78,-1.45
41.25,-85.25,2021,2,26,242.78,-1.71
39.25,-87.25,2021,2,27,289.19,6.2
39.25,-86.75,2021,2,27,295.84,6.17
39.25,-86.25,2021,2,27,295.84,6.17
39.25,-85.75,2021,2,27,300.37,6.22
39.25,-85.25,2021,2,27,300.37,6.35
39.75,-87.25,2021,2,27,289.19,5.56
39.75,-86.75,2021,2,27,295.84,5.53
39.75,-86.25,2021,2,27,295.84,5.53
39.75,-85.75,2021,2,27,300.37,5.59
39.75,-85.25,2021,2,27,300.37,5.56
40.25,-87.25,2021,2,27,290.1,4.99
40.25,-86.75,2021,2,27,288.29,4.98
40.25,-86.25,2021,2,27,288.29,4.92
40.25,-85.75,2021,2,27,284.57,4.99
40.25,-85.25,2021,2,27,284.57,4.95
40.75,-87.25,2021,2,27,290.1,4.28
40.75,-86.75,2021,2,27,288.29,4.26
40.75,-86.25,2021,2,27,288.29,4.19
40.75,-85.75,2021,2,27,284.57,4.26
40.75,-85.25,2021,2,27,284.57,4.35
41.25,-87.25,2021,2,27,281.91,3.42
41.25,-86.75,2021,2,27,289.05,3.35
41.25,-86.25,2021,2,27,289.05,3.25
41.25,-85.75,2021,2,27,279.77,3.21
41.25,-85.25,2021,2,27,279.77,3.31
39.25,-87.25,2021,2,28,331.09,9.6
39.25,-86.75,2021,2,28,332.64,9.92
39.25,-86.25,2021,2,28,332.64,10.26
39.25,-85.75,2021,2,28,336.88,10.56
39.25,-85.25,2021,2,28,336.88,10.86
39.75,-87.25,2021,2,28,331.09,8.45
39.75,-86.75,2021,2,28,332.64,8.73
39.75,-86.25,2021,2,28,332.64,8.94
39.75,-85.75,2021,2,28,336.88,9.06
39.75,-85.25,2021,2,28,336.88,9.19
40.25,-87.25,2021,2,28,317.88,7.66
40.25,-86.75,2021,2,28,319.88,7.91
40.25,-86.25,2021,2,28,319.88,8.04
40.25,-85.75,2021,2,28,322.41,8.08
40.25,-85.25,2021,2,28,322.41,8.1
40.75,-87.25,2021,2,28,317.88,6.8
40.75,-86.75,2021,2,28,319.88,7.09
40.75,-86.25,2021,2,28,319.88,7.22
40.75,-85.75,2021,2,28,322.41,7.26
40.75,-85.25,2021,2,28,322.41,7.35
41.25,-87.25,2021,2,28,306.22,5.66
41.25,-86.75,2021,2,28,309.82,6.03
41.25,-86.25,2021,2,28,309.82,6.28
41.25,-85.75,2021,2,28,310.2,6.31
41.25,-85.25,2021,2,28,310.2,6.34
39.25,-87.25,2021,3,1,229.29,-1.41
39.25,-86.75,2021,3,1,238.08,-1.31
39.25,-86.25,2021,3,1,238.08,-1.19
39.25,-85.75,2021,3,1,241.26,-1.1
39.25,-85.25,2021,3,1,241.26,-0.9
39.75,-87.25,2021,3,1,229.29,-2.44
39.75,-86.75,2021,3,1,238.08,-2.41
39.75,-86.25,2021,3,1,238.08,-2.32
39.75,-85.75,2021,3,1,241.26,-2.22
39.75,-85.25,2021,3,1,241.26,-2.07
40.25,-87.25,2021,3,1,220.02,-3.36
40.25,-86.75,2021,3,1,227.46,-3.34
40.25,-86.25,2021,3,1,227.46,-3.26
40.25,-85.75,2021,3,1,244.46,-3.12
40.25,-85.25,2021,3,1,244.46,-2.93
40.75,-87.25,2021,3,1,220.02,-4.09
40.75,-86.75,2021,3,1,227.46,-4.05
40.75,-86.25,2021,3,1,227.46,-3.96
40.75,-85.75,2021,3,1,244.46,-3.78
40.75,-85.25,2021,3,1,244.46,-3.55
41.25,-87.25,2021,3,1,222.8,-4.55
41.25,-86.75,2021,3,1,239.59,-4.48
41.25,-86.25,2021,3,1,239.59,-4.49
41.25,-85.75,2021,3,1,240.3,-4.38
41.25,-85.25,2021,3,1,240.3,-4.26
39.25,-87.25,2021,3,2,224.05,-2.46
39.25,-86.75,2021,3,2,216.62,-3.13
39.25,-86.25,2021,3,2,216.62,-3.56
39.25,-85.75,2021,3,2,212.13,-3.77
39.25,-85.25,2021,3,2,212.13,-3.91
39.75,-87.25,2021,3,2,224.05,-2.85
39.75,-86.75,2021,3,2,216.62,-3.47
39.75,-86.25,2021,3,2,216.62,-3.92
39.75,-85.75,2021,3,2,212.13,-4.16
39.75,-85.25,2021,3,2,212.13,-4.39
40.25,-87.25,2021,3,2,223.74,-3.09
40.25,-86.75,2021,3,2,218.25,-3.62
40.25,-86.25,2021,3,2,218.25,-4.08
40.25,-85.75,2021,3,2,212.94,-4.37
40.25,-85.25,2021,3,2,212.94,-4.63
40.75,-87.25,2021,3,2,223.74,-3.2
40.75,-86.75,2021,3,2,218.25,-3.66
40.75,-86.25,2021,3,2,218.25,-4.11
40.75,-85.75,2021,3,2,212.94,-4.44
40.75,-85.25,2021,3,2,212.94,-4.7
41.25,-87.25,2021,3,2,229.25,-3.18
41.25,-86.75,2021,3,2,225.94,-3.58
41.25,-86.25,2021,3,2,225.94,-4.09
41.25,-85.75,2021,3,2,214.51,-4.49
41.25,-85.25,2021,3,2,214.51,-4.84
39.25,-87.25,2021,3,3,254.69,3.55
39.25,-86.75,2021,3,3,250.18,3.13
39.25,-86.25,2021,3,3,250.18,2.87
39.25,-85.75,2021,3,3,247.18,2.59
39.25,-85.25,2021,3,3,247.18,2.38
39.75,-87.25,2021,3,3,254.69,3.04
39.75,-86.75,2021,3,3,250.18,2.64
39.75,-86.25,2021,3,3,250.18,2.42
39.75,-85.75,2021,3,3,247.18,2.17
39.75,-85.25,2021,3,3,247.18,1.94
40.25,-87.25,2021,3,3,252.21,2.61
40.25,-86.75,2021,3,3,247.79,2.27
40.25,-86.25,2021,3,3,247.79,2.05
40.25,-85.75,2021,3,3,243.62,1.87
40.25,-85.25,2021,3,3,243.62,1.69
40.75,-87.25,2021,3,3,252.21,2.27
40.75,-86.75,2021,3,3,247.79,1.94
40.75,-86.25,2021,3,3,247.79,1.68
40.75,-85.75,2021,3,3,243.62,1.55
40.75,-85.25,2021,3,3,243.62,1.51
41.25,-87.25,2021,3,3,249.98,1.91
41.25,-86.75,2021,3,3,244.84,1.53
41.25,-86.25,2021,3,3,244.84,1.28
41.25,-85.75,2021,3,3,239.5,1.19
41.25,-85.25,2021,3,3,239.5,1.17
39.25,-87.25,2021,3,4,239.72,1.05
39.25,-86.75,2021,3,4,235.89,0.72
39.25,-86.25,2021,3,4,235.89,0.36
39.25,-85.75,2021,3,4,231.52,-0.01
39.25,-85.25,2021,3,4,231.52,-0.3
39.75,-87.25,2021,3,4,239.72,-0.24
39.75,-86.75,2021,3,4,235.89,-0.61
39.75,-86.25,2021,3,4,235.89,-0.9
39.75,-85.75,2021,3,4,231.52,-1.18
39.75,-85.25,2021,3,4,231.52,-1.46
40.25,-87.25,2021,3,4,235.44,-1.24
40.25,-86.75,2021,3,4,227.97,-1.63
40.25,-86.25,2021,3,4,227.97,-1.87
40.25,-85.75,2021,3,4,224.27,-2.06
40.25,-85.25,2021,3,4,224.27,-2.27
40.75,-87.25,2021,3,4,235.44,-1.87
40.75,-86.75,2021,3,4,227.97,-2.26
40.75,-86.25,2021,3,4,227.97,-2.54
40.75,-85.75,2021,3,4,224.27,-2.69
40.75,-85.25,2021,3,4,224.27,-2.81
41.25,-87.25,2021,3,4,247.35,-2.15
41.25,-86.75,2021,3,4,233.02,-2.61
41.25,-86.25,2021,3,4,233.02,-3.05
41.25,-85.75,2021,3,4,221.55,-3.23
41.25,-85.25,2021,3,4,221.55,-3.37
39.25,-87.25,2021,3,5,234.02,-1.5
39.25,-86.75,2021,3,5,230.62,-1.75
39.25,-86.25,2021,3,5,230.62,-1.99
39.25,-85.75,2021,3,5,224.3,-2.24
39.25,-85.25,2021,3,5,224.3,-2.52
39.75,-87.25,2021,3,5,234.02,-1.9
39.75,-86.75,2021,3,5,230.62,-2.18
39.75,-86.25,2021,3,5,230.62,-2.39
39.75,-85.75,2021,3,5,224.3,-2.6
39.75,-85.25,2021,3,5,224.3,-2.84
40.25,-87.25,2021,3,5,230.83,-2.11
40.25,-86.75,2021,3,5,222.92,-2.44
40.25,-86.25,2021,3,5,222.92,-2.68
40.25,-85.75,2021,3,5,216.98,-2.83
40.25,-85.25,2021,3,5,216.98,-3.01
40.75,-87.25,2021,3,5,230.83,-2.07
40.75,-86.75,2021,3,5,222.92,-2.5
40.75,-86.25,2021,3,5,222.92,-2.82
40.75,-85.75,2021,3,5,216.98,-2.92
40.75,-85.25,2021,3,5,216.98,-3.0
41.25,-87.25,2021,3,5,234.29,-1.75
41.25,-86.75,2021,3,5,223.25,-2.27
41.25,-86.25,2021,3,5,223.25,-2.8
41.25,-85.75,2021,3,5,215.85,-2.92
41.25,-85.25,2021,3,5,215.85,-3.0
39.25,-87.25,2021,3,6,243.09,0.48
39.25,-86.75,2021,3,6,236.47,-0.1
39.25,-86.25,2021,3,6,236.47,-0.49
39.25,-85.75,2021,3,6,227.09,-0.82
39.25,-85.25,2021,3,6,227.09,-1.32
39.75,-87.25,2021,3,6,243.09,-0.06
39.75,-86.75,2021,3,6,236.47,-0.65
39.75,-86.25,2021,3,6,236.47,-1.0
39.75,-85.75,2021,3,6,227.09,-1.4
39.75,-85.25,2021,3,6,227.09,-1.99
40.25,-87.25,2021,3,6,238.04,-0.42
40.25,-86.75,2021,3,6,232.09,-0.99
40.25,-86.25,2021,3,6,232.09,-1.41
40.25,-85.75,2021,3,6,223.02,-1.91
40.25,-85.25,2021,3,6,223.02,-2.54
40.75,-87.25,2021,3,6,238.04,-0.55
40.75,-86.75,2021,3,6,232.09,-1.11
40.75,-86.25,2021,3,6,232.09,-1.65
40.75,-85.75,2021,3,6,223.02,-2.28
40.75,-85.25,2021,3,6,223.02,-2.87
41.25,-87.25,2021,3,6,233.19,-0.66
41.25,-86.75,2021,3,6,226.49,-1.15
41.25,-86.25,2021,3,6,226.49,-1.9
41.25,-85.75,2021,3,6,214.41,-2.63
41.25,-85.25,2021,3,6,214.41,-3.17
39.25,-87.25,2021,3,7,256.79,1.19
39.25,-86.75,2021,3,7,245.07,0.09
39.25,-86.25,2021,3,7,245.07,-0.86
39.25,-85.75,2021,3,7,233.43,-1.47
39.25,-85.25,2021,3,7,233.43,-2.05
39.75,-87.25,2021,3,7,256.79,0.21
39.75,-86.75,2021,3,7,245.07,-0.76
39.75,-86.25,2021,3,7,245.07,-1.52
39.75,-85.75,2021,3,7,233.43,-2.12
39.75,-85.25,2021,3,7,233.43,-2.73
40.25,-87.25,2021,3,7,251.22,-0.36
40.25,-86.75,2021,3,7,238.15,-1.16
40.25,-86.25,2021,3,7,238.15,-1.76
40.25,-85.75,2021,3,7,230.99,-2.46
40.25,-85.25,2021,3,7,230.99,-3.16
40.75,-87.25,2021,3,7,251.22,-0.63
40.75,-86.75,2021,3,7,238.15,-1.29
40.75,-86.25,2021,3,7,238.15,-1.88
40.75,-85.75,2021,3,7,230.99,-2.63
40.75,-85.25,2021,3,7,230.99,-3.32
41.25,-87.25,2021,3,7,251.0,-0.54
41.25,-86.75,2021,3,7,241.74,-1.2
41.25,-86.25,2021,3,7,241.74,-2.02
41.25,-85.75,2021,3,7,226.58,-2.78
41.25,-85.25,2021,3,7,226.58,-3.46
39.25,-87.25,2021,3,8,275.14,6.52
39.25,-86.75,2021,3,8,270.3,6.01
39.25,-86.25,2021,3,8,270.3,5.61
39.25,-85.75,2021,3,8,266.23,5.1
39.25,-85.25,2021,3,8,266.23,4.55
39.75,-87.25,2021,3,8,275.14,6.37
39.75,-86.75,2021,3,8,270.3,5.91
39.75,-86.25,2021,3,8,270.3,5.59
39.75,-85.75,2021,3,8,266.23,5.12
39.75,-85.25,2021,3,8,266.23,4.52
40.25,-87.25,2021,3,8,274.72,6.2
40.25,-86.75,2021,3,8,273.45,5.88
40.25,-86.25,2021,3,8,273.45,5.67
40.25,-85.75,2021,3,8,271.16,5.28
40.25,-85.25,2021,3,8,271.16,4.72
40.75,-87.25,2021,3,8,274.72,6.05
40.75,-86.75,2021,3,8,273.45,5.84
40.75,-86.25,2021,3,8,273.45,5.69
40.75,-85.75,2021,3,8,271.16,5.39
40.75,-85.25,2021,3,8,271.16,4.98
41.25,-87.25,2021,3,8,284.84,5.84
41.25,-86.75,2021,3,8,285.88,5.6
41.25,-86.25,2021,3,8,285.88,5.49
41.25,-85.75,2021,3,8,277.86,5.23
41.25,-85.25,2021,3,8,277.86,4.84
39.25,-87.25,2021,3,9,286.66,8.53
39.25,-86.75,2021,3,9,282.74,8.31
39.25,-86.25,2021,3,9,282.74,8.07
39.25,-85.75,2021,3,9,279.99,7.82
39.25,-85.25,2021,3,9,279.99,7.6
39.75,-87.25,2021,3,9,286.66,8.3
39.75,-86.75,2021,3,9,282.74,7.97
39.75,-86.25,2021,3,9,282.74,7.67
39.75,-85.75,2021,3,9,279.99,7.44
39.75,-85.25,2021,3,9,279.99,7.19
40.25,-87.25,2021,3,9,284.38,8.14
40.25,-86.75,2021,3,9,283.56,7.83
40.25,-86.25,2021,3,9,283.56,7.53
40.25,-85.75,2021,3,9,283.59,7.28
40.25,-85.25,2021,3,9,283.59,7.04
40.75,-87.25,2021,3,9,284.38,7.99
40.75,-86.75,2021,3,9,283.56,7.74
40.75,-86.25,2021,3,9,283.56,7.46
40.75,-85.75,2021,3,9,283.59,7.2
40.75,-85.25,2021,3,9,283.59,7.0
41.25,-87.25,2021,3,9,288.81,7.56
41.25,-86.75,2021,3,9,285.28,7.31
41.25,-86.25,2021,3,9,285.28,7.15
41.25,-85.75,2021,3,9,281.98,6.89
41.25,-85.25,2021,3,9,281.98,6.67
39.25,-87.25,2021,3,10,347.48,12.38
39.25,-86.75,2021,3,10,334.98,12.2
39.25,-86.25,2021,3,10,334.98,12.09
39.25,-85.75,2021,3,10,328.02,11.84
39.25,-85.25,2021,3,10,328.02,11.53
39.75,-87.25,2021,3,10,347.48,12.26
39.75,-86.75,2021,3,10,334.98,12.06
39.75,-86.25,2021,3,10,334.98,11.98
39.75,-85.75,2021,3,10,328.02,11.69
39.75,-85.25,2021,3,10,328.02,11.35
40.25,-87.25,2021,3,10,350.82,12.28
40.25,-86.75,2021,3,10,342.63,12.09
40.25,-86.25,2021,3,10,342.63,11.96
40.25,-85.75,2021,3,10,337.48,11.61
40.25,-85.25,2021,3,10,337.48,11.3
40.75,-87.25,2021,3,10,350.82,12.34
40.75,-86.75,2021,3,10,342.63,12.15
40.75,-86.25,2021,3,10,342.63,11.94
40.75,-85.75,2021,3,10,337.48,11.58
40.75,-85.25,2021,3,10,337.48,11.38
41.25,-87.25,2021,3,10,351.16,12.03
41.25,-86.75,2021,3,10,345.52,11.83
41.25,-86.25,2021,3,10,345.52,11.76
41.25,-85.75,2021,3,10,341.62,11.46
41.25,-85.25,2021,3,10,341.62,11.24
39.25,-87.25,2021,3,11,347.27,12.26
39.25,-86.75,2021,3,11,354.55,12.56
39.25,-86.25,2021,3,11,354.55,12.86
39.25,-85.75,2021,3,11,356.84,12.92
39.25,-85.25,2021,3,11,356.84,13.0
39.75,-87.25,2021,3,11,347.27,11.14
39.75,-86.75,2021,3,11,354.55,11.44
39.75,-86.25,2021,3,11,354.55,11.78
39.75,-85.75,2021,3,11,356.84,11.93
39.75,-85.25,2021,3,11,356.84,12.02
40.25,-87.25,2021,3,11,316.61,10.18
40.25,-86.75,2021,3,11,324.73,10.54
40.25,-86.25,2021,3,11,324.73,10.87
40.25,-85.75,2021,3,11,333.45,11.08
40.25,-85.25,2021,3,11,333.45,11.21
40.75,-87.25,2021,3,11,316.61,9.22
40.75,-86.75,2021,3,11,324.73,9.7
40.75,-86.25,2021,3,11,324.73,10.05
40.75,-85.75,2021,3,11,333.45,10.29
40.75,-85.25,2021,3,11,333.45,10.56
41.25,-87.25,2021,3,11,285.82,7.97
41.25,-86.75,2021,3,11,299.35,8.53
41.25,-86.25,2021,3,11,299.35,9.04
41.25,-85.75,2021,3,11,311.83,9.35
41.25,-85.25,2021,3,11,311.83,9.68
39.25,-87.25,2021,3,12,293.49,6.25
39.25,-86.75,2021,3,12,290.8,6.32
39.25,-86.25,2021,3,12,290.8,6.4
39.25,-85.75,2021,3,12,289.13,6.51
39.25,-85.25,2021,3,12,289.13,6.65
39.75,-87.25,2021,3,12,293.49,4.78
39.75,-86.75,2021,3,12,290.8,4.77
39.75,-86.25,2021,3,12,290.8,4.85
39.75,-85.75,2021,3,12,289.13,4.88
39.75,-85.25,2021,3,12,289.13,4.86
40.25,-87.25,2021,3,12,273.34,3.55
40.25,-86.75,2021,3,12,272.0,3.48
40.25,-86.25,2021,3,12,272.0,3.5
40.25,-85.75,2021,3,12,269.37,3.45
40.25,-85.25,2021,3,12,269.37,3.36
40.75,-87.25,2021,3,12,273.34,2.59
40.75,-86.75,2021,3,12,272.0,2.45
40.75,-86.25,2021,3,12,272.0,2.4
40.75,-85.75,2021,3,12,269.37,2.34
40.75,-85.25,2021,3,12,269.37,2.34
41.25,-87.25,2021,3,12,264.71,1.8
41.25,-86.75,2021,3,12,261.48,1.54
41.25,-86.25,2021,3,12,261.48,1.43
41.25,-85.75,2021,3,12,254.48,1.36
41.25,-85.25,2021,3,12,254.48,1.37
39.25,-87.25,2021,3,13,287.16,3.38
39.25,-86.75,2021,3,13,279.53,3.05
39.25,-86.25,2021,3,13,279.53,2.76
39.25,-85.75,2021,3,13,271.71,2.49
39.25,-85.25,2021,3,13,271.71,2.29
39.75,-87.25,2021,3,13,287.16,2.34
39.75,-86.75,2021,3,13,279.53,1.99
39.75,-86.25,2021,3,13,279.53,1.73
39.75,-85.75,2021,3,13,271.71,1.46
39.75,-85.25,2021,3,13,271.71,1.21
40.25,-87.25,2021,3,13,268.89,1.82
40.25,-86.75,2021,3,13,258.52,1.47
40.25,-86.25,2021,3,13,258.52,1.16
40.25,-85.75,2021,3,13,251.59,0.86
40.25,-85.25,2021,3,13,251.59,0.54
40.75,-87.25,2021,3,13,268.89,1.37
40.75,-86.75,2021,3,13,258.52,0.95
40.75,-86.25,2021,3,13,258.52,0.65
40.75,-85.75,2021,3,13,251.59,0.36
40.75,-85.25,2021,3,13,251.59,0.09
41.25,-87.25,2021,3,13,256.98,1.0
41.25,-86.75,2021,3,13,244.16,0.43
41.25,-86.25,2021,3,13,244.16,0.06
41.25,-85.75,2021,3,13,234.56,-0.23
41.25,-85.25,2021,3,13,234.56,-0.5
39.25,-87.25,2021,3,14,307.94,4.75
39.25,-86.75,2021,3,14,302.06,4.4
39.25,-86.25,2021,3,14,302.06,4.11
39.25,-85.75,2021,3,14,293.22,3.81
39.25,-85.25,2021,3,14,293.22,3.6
39.75,-87.25,2021,3,14,307.94,3.93
39.75,-86.75,2021,3,14,302.06,3.67
39.75,-86.25,2021,3,14,302.06,3.48
39.75,-85.75,2021,3,14,293.22,3.18
39.75,-85.25,2021,3,14,293.22,2.83
40.25,-87.25,2021,3,14,300.35,3.21
40.25,-86.75,2021,3,14,291.48,3.01
40.25,-86.25,2021,3,14,291.48,2.79
40.25,-85.75,2021,3,14,282.5,2.44
40.25,-85.25,2021,3,14,282.5,1.99
40.75,-87.25,2021,3,14,300.35,2.43
40.75,-86.75,2021,3,14,291.48,2.28
40.75,-86.25,2021,3,14,291.48,2.03
40.75,-85.75,2021,3,14,282.5,1.7
40.75,-85.25,2021,3,14,282.5,1.34
41.25,-87.25,2021,3,14,281.66,1.63
41.25,-86.75,2021,3,14,267.98,1.58
41.25,-86.25,2021,3,14,267.98,1.34
41.25,-85.75,2021,3,14,255.7,1.02
41.25,-85.25,2021,3,14,255.7,0.69
39.25,-87.25,2021,3,15,311.28,1.75
39.25,-86.75,2021,3,15,313.6,1.23
39.25,-86.25,2021,3,15,313.6,0.78
39.25,-85.75,2021,3,15,305.54,0.3
39.25,-85.25,2021,3,15,305.54,-0.13
39.75,-87.25,2021,3,15,311.28,-0.15
39.75,-86.75,2021,3,15,313.6,-0.55
39.75,-86.25,2021,3,15,313.6,-0.91
39.75,-85.75,2021,3,15,305.54,-1.31
39.75,-85.25,2021,3,15,305.54,-1.7
40.25,-87.25,2021,3,15,300.95,-1.18
40.25,-86.75,2021,3,15,298.09,-1.52
40.25,-86.25,2021,3,15,298.09,-1.84
40.25,-85.75,2021,3,15,294.9,-2.14
40.25,-85.25,2021,3,15,294.9,-2.44
40.75,-87.25,2021,3,15,300.95,-1.84
40.75,-86.75,2021,3,15,298.09,-2.11
40.75,-86.25,2021,3,15,298.09,-2.38
40.75,-85.75,2021,3,15,294.9,-2.63
40.75,-85.25,2021,3,15,294.9,-2.81
41.25,-87.25,2021,3,15,291.46,-2.22
41.25,-86.75,2021,3,15,284.85,-2.49
41.25,-86.25,2021,3,15,284.85,-2.83
41.25,-85.75,2021,3,15,281.13,-3.15
41.25,-85.25,2021,3,15,281.13,-3.42
39.25,-87.25,2021,3,16,313.11,6.48
39.25,-86.75,2021,3,16,324.62,6.97
39.25,-86.25,2021,3,16,324.62,7.21
39.25,-85.75,2021,3,16,328.62,7.57
39.25,-85.25,2021,3,16,328.62,7.76
39.75,-87.25,2021,3,16,313.11,4.29
39.75,-86.75,2021,3,16,324.62,4.72
39.75,-86.25,2021,3,16,324.62,4.99
39.75,-85.75,2021,3,16,328.62,5.44
39.75,-85.25,2021,3,16,328.62,5.54
40.25,-87.25,2021,3,16,314.0,2.64
40.25,-86.75,2021,3,16,315.67,2.97
40.25,-86.25,2021,3,16,315.67,3.42
40.25,-85.75,2021,3,16,313.48,3.97
40.25,-85.25,2021,3,16,313.48,4.4
40.75,-87.25,2021,3,16,314.0,1.73
40.75,-86.75,2021,3,16,315.67,2.0
40.75,-86.25,2021,3,16,315.67,2.58
40.75,-85.75,2021,3,16,313.48,3.24
40.75,-85.25,2021,3,16,313.48,3.87
41.25,-87.25,2021,3,16,321.0,1.02
41.25,-86.75,2021,3,16,317.23,1.2
41.25,-86.25,2021,3,16,317.23,1.69
41.25,-85.75,2021,3,16,308.23,2.37
41.25,-85.25,2021,3,16,308.23,2.89
39.25,-87.25,2021,3,17,326.18,9.52
39.25,-86.75,2021,3,17,323.95,9.8
39.25,-86.25,2021,3,17,323.95,10.03
39.25,-85.75,2021,3,17,318.71,9.94
39.25,-85.25,2021,3,17,318.71,9.75
39.75,-87.25,2021,3,17,326.18,8.12
39.75,-86.75,2021,3,17,323.95,8.56
39.75,-86.25,2021,3,17,323.95,8.85
39.75,-85.75,2021,3,17,318.71,8.68
39.75,-85.25,2021,3,17,318.71,8.33
40.25,-87.25,2021,3,17,318.21,6.64
40.25,-86.75,2021,3,17,315.43,7.22
40.25,-86.25,2021,3,17,315.43,7.61
40.25,-85.75,2021,3,17,300.37,7.52
40.25,-85.25,2021,3,17,300.37,7.3
40.75,-87.25,2021,3,17,318.21,4.75
40.75,-86.75,2021,3,17,315.43,5.64
40.75,-86.25,2021,3,17,315.43,6.3
40.75,-85.75,2021,3,17,300.37,6.38
40.75,-85.25,2021,3,17,300.37,6.35
41.25,-87.25,2021,3,17,309.49,2.97
41.25,-86.75,2021,3,17,295.94,4.14
41.25,-86.25,2021,3,17,295.94,5.12
41.25,-85.75,2021,3,17,284.53,5.4
41.25,-85.25,2021,3,17,284.53,5.45
39.25,-87.25,2021,3,18,323.21,7.34
39.25,-86.75,2021,3,18,330.84,7.28
39.25,-86.25,2021,3,18,330.84,7.08
39.25,-85.75,2021,3,18,331.74,6.99
39.25,-85.25,2021,3,18,331.74,7.16
39.75,-87.25,2021,3,18,323.21,5.09
39.75,-86.75,2021,3,18,330.84,5.17
39.75,-86.25,2021,3,18,330.84,5.04
39.75,-85.75,2021,3,18,331.74,4.87
39.75,-85.25,2021,3,18,331.74,4.83
40.25,-87.25,2021,3,18,299.09,3.47
40.25,-86.75,2021,3,18,302.27,3.63
40.25,-86.25,2021,3,18,302.27,3.52
40.25,-85.75,2021,3,18,309.15,3.29
40.25,-85.25,2021,3,18,309.15,3.19
40.75,-87.25,2021,3,18,299.09,2.25
40.75,-86.75,2021,3,18,302.27,2.43
40.75,-86.25,2021,3,18,302.27,2.37
40.75,-85.75,2021,3,18,309.15,2.19
40.75,-85.25,2021,3,18,309.15,2.13
41.25,-87.25,2021,3,18,286.93,1.4
41.25,-86.75,2021,3,18,287.56,1.47
41.25,-86.25,2021,3,18,287.56,1.39
41.25,-85.75,2021,3,18,288.04,1.27
41.25,-85.25,2021,3,18,288.04,1.21
39.25,-87.25,2021,3,19,230.89,-0.44
39.25,-86.75,2021,3,19,228.75,-0.66
39.25,-86.25,2021,3,19,228.75,-0.88
39.25,-85.75,2021,3,19,227.04,-1.04
39.25,-85.25,2021,3,19,227.04,-1.05
39.75,-87.25,2021,3,19,230.89,-1.29
39.75,-86.75,2021,3,19,228.75,-1.57
39.75,-86.25,2021,3,19,228.75,-1.82
39.75,-85.75,2021,3,19,227.04,-2.09
39.75,-85.25,2021,3,19,227.04,-2.25
40.25,-87.25,2021,3,19,220.69,-1.79
40.25,-86.75,2021,3,19,219.72,-2.09
40.25,-86.25,2021,3,19,219.72,-2.38
40.25,-85.75,2021,3,19,217.77,-2.78
40.25,-85.25,2021,3,19,217.77,-3.07
40.75,-87.25,2021,3,19,220.69,-1.89
40.75,-86.75,2021,3,19,219.72,-2.2
40.75,-86.25,2021,3,19,219.72,-2.54
40.75,-85.75,2021,3,19,217.77,-2.94
40.75,-85.25,2021,3,19,217.77,-3.29
41.25,-87.25,2021,3,19,225.57,-1.69
41.25,-86.75,2021,3,19,223.02,-1.98
41.25,-86.25,2021,3,19,223.02,-2.46
41.25,-85.75,2021,3,19,217.0,-2.82
41.25,-85.25,2021,3,19,217.0,-3.21
39.25,-87.25,2021,3,20,236.26,2.19
39.25,-86.75,2021,3,20,235.57,2.07
39.25,-86.25,2021,3,20,235.57,1.91
39.25,-85.75,2021,3,20,236.44,1.77
39.25,-85.25,2021,3,20,236.44,1.61
39.75,-87.25,2021,3,20,236.26,1.55
39.75,-86.75,2021,3,20,235.57,1.42
39.75,-86.25,2021,3,20,235.57,1.29
39.75,-85.75,2021,3,20,236.44,1.12
39.75,-85.25,2021,3,20,236.44,0.89
40.25,-87.25,2021,3,20,237.01,1.08
40.25,-86.75,2021,3,20,236.66,0.97
40.25,-86.25,2021,3,20,236.66,0.85
40.25,-85.75,2021,3,20,236.13,0.6
40.25,-85.25,2021,3,20,236.13,0.35
40.75,-87.25,2021,3,20,237.01,0.71
40.75,-86.75,2021,3,20,236.66,0.61
40.75,-86.25,2021,3,20,236.66,0.49
40.75,-85.75,2021,3,20,236.13,0.23
40.75,-85.25,2021,3,20,236.13,0.03
41.25,-87.25,2021,3,20,237.2,0.58
41.25,-86.75,2021,3,20,238.25,0.41
41.25,-86.25,2021,3,20,238.25,0.18
41.25,-85.75,2021,3,20,233.84,-0.06
41.25,-85.25,2021,3,20,233.84,-0.31
39.25,-87.25,2021,3,21,251.73,5.87
39.25,-86.75,2021,3,21,248.98,5.77
39.25,-86.25,2021,3,21,248.98,5.65
39.25,-85.75,2021,3,21,247.3,5.51
39.25,-85.25,2021,3,21,247.3,5.37
39.75,-87.25,2021,3,21,251.73,5.43
39.75,-86.75,2021,3,21,248.98,5.27
39.75,-86.25,2021,3,21,248.98,5.12
39.75,-85.75,2021,3,21,247.3,4.99
39.75,-85.25,2021,3,21,247.3,4.81
40.25,-87.25,2021,3,21,250.62,5.06
40.25,-86.75,2021,3,21,247.96,4.88
40.25,-86.25,2021,3,21,247.96,4.73
40.25,-85.75,2021,3,21,250.67,4.57
40.25,-85.25,2021,3,21,250.67,4.37
40.75,-87.25,2021,3,21,250.62,4.73
40.75,-86.75,2021,3,21,247.96,4.53
40.75,-86.25,2021,3,21,247.96,4.35
40.75,-85.75,2021,3,21,250.67,4.14
40.75,-85.25,2021,3,21,250.67,3.97
41.25,-87.25,2021,3,21,254.98,4.38
41.25,-86.75,2021,3,21,251.01,4.13
41.25,-86.25,2021,3,21,251.01,3.94
41.25,-85.75,2021,3,21,249.12,3.7
41.25,-85.25,2021,3,21,249.12,3.44
39.25,-87.25,2021,3,22,306.93,9.98
39.25,-86.75,2021,3,22,313.38,9.93
39.25,-86.25,2021,3,22,313.38,10.09
39.25,-85.75,2021,3,22,305.96,10.32
39.25,-85.25,2021,3,22,305.96,10.29
39.75,-87.25,2021,3,22,306.93,9.49
39.75,-86.75,2021,3,22,313.38,9.47
39.75,-86.25,2021,3,22,313.38,9.67
39.75,-85.75,2021,3,22,305.96,9.86
39.75,-85.25,2021,3,22,305.96,9.8
40.25,-87.25,2021,3,22,298.28,9.08
40.25,-86.75,2021,3,22,305.59,9.07
40.25,-86.25,2021,3,22,305.59,9.25
40.25,-85.75,2021,3,22,303.28,9.45
40.25,-85.25,2021,3,22,303.28,9.46
40.75,-87.25,2021,3,22,298.28,8.69
40.75,-86.75,2021,3,22,305.59,8.7
40.75,-86.25,2021,3,22,305.59,8.81
40.75,-85.75,2021,3,22,303.28,9.05
40.75,-85.25,2021,3,22,303.28,9.2
41.25,-87.25,2021,3,22,292.92,8.1
41.25,-86.75,2021,3,22,298.1,8.16
41.25,-86.25,2021,3,22,298.1,8.3
41.25,-85.75,2021,3,22,300.25,8.53
41.25,-85.25,2021,3,22,300.25,8.73
39.25,-87.25,2021,3,23,351.12,12.85
39.25,-86.75,2021,3,23,345.77,12.62
39.25,-86.25,2021,3,23,345.77,12.41
39.25,-85.75,2021,3,23,340.34,12.12
39.25,-85.25,2021,3,23,340.34,11.84
39.75,-87.25,2021,3,23,351.12,12.51
39.75,-86.75,2021,3,23,345.77,12.28
39.75,-86.25,2021,3,23,345.77,12.06
39.75,-85.75,2021,3,23,340.34,11.74
39.75,-85.25,2021,3,23,340.34,11.37
40.25,-87.25,2021,3,23,347.76,12.31
40.25,-86.75,2021,3,23,342.1,12.1
40.25,-86.25,2021,3,23,342.1,11.87
40.25,-85.75,2021,3,23,332.28,11.49
40.25,-85.25,2021,3,23,332.28,11.11
40.75,-87.25,2021,3,23,347.76,12.19
40.75,-86.75,2021,3,23,342.1,12.0
40.75,-86.25,2021,3,23,342.1,11.73
40.75,-85.75,2021,3,23,332.28,11.37
40.75,-85.25,2021,3,23,332.28,11.05
41.25,-87.25,2021,3,23,347.1,11.7
41.25,-86.75,2021,3,23,343.19,11.51
41.25,-86.25,2021,3,23,343.19,11.43
41.25,-85.75,2021,3,23,327.93,11.15
41.25,-85.25,2021,3,23,327.93,10.89
39.25,-87.25,2021,3,24,318.27,12.71
39.25,-86.75,2021,3,24,323.62,13.06
39.25,-86.25,2021,3,24,323.62,13.39
39.25,-85.75,2021,3,24,325.23,13.73
39.25,-85.25,2021,3,24,325.23,14.06
39.75,-87.25,2021,3,24,318.27,12.14
39.75,-86.75,2021,3,24,323.62,12.55
39.75,-86.25,2021,3,24,323.62,12.92
39.75,-85.75,2021,3,24,325.23,13.26
39.75,-85.25,2021,3,24,325.23,13.52
40.25,-87.25,2021,3,24,329.6,11.57
40.25,-86.75,2021,3,24,327.81,12.08
40.25,-86.25,2021,3,24,327.81,12.53
40.25,-85.75,2021,3,24,325.57,12.92
40.25,-85.25,2021,3,24,325.57,13.17
40.75,-87.25,2021,3,24,329.6,11.11
40.75,-86.75,2021,3,24,327.81,11.66
40.75,-86.25,2021,3,24,327.81,12.12
40.75,-85.75,2021,3,24,325.57,12.51
40.75,-85.25,2021,3,24,325.57,12.86
41.25,-87.25,2021,3,24,340.51,10.47
41.25,-86.75,2021,3,24,345.52,11.02
41.25,-86.25,2021,3,24,345.52,11.64
41.25,-85.75,2021,3,24,338.1,11.99
41.25,-85.25,2021,3,24,338.1,12.31
39.25,-87.25,2021,3,25,339.51,11.55
39.25,-86.75,2021,3,25,342.74,12.2
39.25,-86.25,2021,3,25,342.74,12.77
39.25,-85.75,2021,3,25,338.04,13.23
39.25,-85.25,2021,3,25,338.04,13.62
39.75,-87.25,2021,3,25,339.51,10.31
39.75,-86.75,2021,3,25,342.74,11.01
39.75,-86.25,2021,3,25,342.74,11.65
39.75,-85.75,2021,3,25,338.04,12.09
39.75,-85.25,2021,3,25,338.04,12.45
40.25,-87.25,2021,3,25,328.12,9.25
40.25,-86.75,2021,3,25,333.59,9.97
40.25,-86.25,2021,3,25,333.59,10.58
40.25,-85.75,2021,3,25,332.27,11.04
40.25,-85.25,2021,3,25,332.27,11.42
40.75,-87.25,2021,3,25,328.12,7.98
40.75,-86.75,2021,3,25,333.59,8.83
40.75,-86.25,2021,3,25,333.59,9.47
40.75,-85.75,2021,3,25,332.27,9.95
40.75,-85.25,2021,3,25,332.27,10.45
41.25,-87.25,2021,3,25,315.09,6.38
41.25,-86.75,2021,3,25,323.78,7.3
41.25,-86.25,2021,3,25,323.78,8.17
41.25,-85.75,2021,3,25,322.38,8.62
41.25,-85.25,2021,3,25,322.38,9.15
39.25,-87.25,2021,3,26,324.29,8.12
39.25,-86.75,2021,3,26,331.3,8.31
39.25,-86.25,2021,3,26,331.3,8.76
39.25,-85.75,2021,3,26,337.12,9.09
39.25,-85.25,2021,3,26,337.12,9.39
39.75,-87.25,2021,3,26,324.29,7.04
39.75,-86.75,2021,3,26,331.3,7.31
39.75,-86.25,2021,3,26,331.3,7.74
39.75,-85.75,2021,3,26,337.12,8.09
39.75,-85.25,2021,3,26,337.12,8.38
40.25,-87.25,2021,3,26,328.86,6.14
40.25,-86.75,2021,3,26,327.88,6.44
40.25,-86.25,2021,3,26,327.88,6.88
40.25,-85.75,2021,3,26,332.42,7.36
40.25,-85.25,2021,3,26,332.42,7.72
40.75,-87.25,2021,3,26,328.86,5.15
40.75,-86.75,2021,3,26,327.88,5.48
40.75,-86.25,2021,3,26,327.88,5.86
40.75,-85.75,2021,3,26,332.42,6.28
40.75,-85.25,2021,3,26,332.42,6.81
41.25,-87.25,2021,3,26,323.58,4.03
41.25,-86.75,2021,3,26,325.76,4.24
41.25,-86.25,2021,3,26,325.76,4.51
41.25,-85.75,2021,3,26,323.3,4.77
41.25,-85.25,2021,3,26,323.3,5.3
39.25,-87.25,2021,3,27,310.59,12.54
39.25,-86.75,2021,3,27,307.0,12.48
39.25,-86.25,2021,3,27,307.0,12.34
39.25,-85.75,2021,3,27,302.86,12.19
39.25,-85.25,2021,3,27,302.86,11.94
39.75,-87.25,2021,3,27,310.59,12.01
39.75,-86.75,2021,3,27,307.0,11.92
39.75,-86.25,2021,3,27,307.0,11.8
39.75,-85.75,2021,3,27,302.86,11.61
39.75,-85.25,2021,3,27,302.86,11.27
40.25,-87.25,2021,3,27,321.12,11.55
40.25,-86.75,2021,3,27,309.82,11.48
40.25,-86.25,2021,3,27,309.82,11.35
40.25,-85.75,2021,3,27,302.9,11.21
40.25,-85.25,2021,3,27,302.9,10.86
40.75,-87.25,2021,3,27,321.12,10.98
40.75,-86.75,2021,3,27,309.82,10.94
40.75,-86.25,2021,3,27,309.82,10.76
40.75,-85.75,2021,3,27,302.9,10.57
40.75,-85.25,2021,3,27,302.9,10.28
41.25,-87.25,2021,3,27,327.63,10.0
41.25,-86.75,2021,3,27,320.68,9.97
41.25,-86.25,2021,3,27,320.68,9.91
41.25,-85.75,2021,3,27,316.64,9.58
41.25,-85.25,2021,3,27,316.64,9.23
39.25,-87.25,2021,3,28,303.66,4.35
39.25,-86.75,2021,3,28,308.73,4.57
39.25,-86.25,2021,3,28,308.73,4.91
39.25,-85.75,2021,3,28,311.98,5.31
39.25,-85.25,2021,3,28,311.98,5.76
39.75,-87.25,2021,3,28,303.66,3.59
39.75,-86.75,2021,3,28,308.73,3.81
39.75,-86.25,2021,3,28,308.73,4.12
39.75,-85.75,2021,3,28,311.98,4.48
39.75,-85.25,2021,3,28,311.98,4.85
40.25,-87.25,2021,3,28,302.79,3.01
40.25,-86.75,2021,3,28,306.3,3.28
40.25,-86.25,2021,3,28,306.3,3.6
40.25,-85.75,2021,3,28,307.81,3.93
40.25,-85.25,2021,3,28,307.81,4.26
40.75,-87.25,2021,3,28,302.79,2.54
40.75,-86.75,2021,3,28,306.3,2.9
40.75,-86.25,2021,3,28,306.3,3.24
40.75,-85.75,2021,3,28,307.81,3.51
40.75,-85.25,2021,3,28,307.81,3.82
41.25,-87.25,2021,3,28,291.97,2.19
41.25,-86.75,2021,3,28,296.95,2.54
41.25,-86.25,2021,3,28,296.95,2.76
41.25,-85.75,2021,3,28,302.08,2.93
41.25,-85.25,2021,3,28,302.08,3.19
39.25,-87.25,2021,3,29,258.37,4.72
39.25,-86.75,2021,3,29,252.12,4.19
39.25,-86.25,2021,3,29,252.12,3.65
39.25,-85.75,2021,3,29,246.34,3.16
39.25,-85.25,2021,3,29,246.34,2.86
39.75,-87.25,2021,3,29,258.37,4.13
39.75,-86.75,2021,3,29,252.12,3.64
39.75,-86.25,2021,3,29,252.12,3.17
39.75,-85.75,2021,3,29,246.34,2.69
39.75,-85.25,2021,3,29,246.34,2.36
40.25,-87.25,2021,3,29,258.69,3.76
40.25,-86.75,2021,3,29,252.36,3.33
40.25,-86.25,2021,3,29,252.36,2.88
40.25,-85.75,2021,3,29,247.73,2.42
40.25,-85.25,2021,3,29,247.73,2.1
40.75,-87.25,2021,3,29,258.69,3.57
40.75,-86.75,2021,3,29,252.36,3.2
40.75,-86.25,2021,3,29,252.36,2.77
40.75,-85.75,2021,3,29,247.73,2.33
40.75,-85.25,2021,3,29,247.73,2.03
41.25,-87.25,2021,3,29,262.94,3.53
41.25,-86.75,2021,3,29,258.51,3.22
41.25,-86.25,2021,3,29,258.51,2.74
41.25,-85.75,2021,3,29,249.83,2.14
41.25,-85.25,2021,3,29,249.83,1.73
39.25,-87.25,2021,3,30,310.17,10.93
39.25,-86.75,2021,3,30,305.78,10.86
39.25,-86.25,2021,3,30,305.78,10.67
39.25,-85.75,2021,3,30,302.88,10.43
39.25,-85.25,2021,3,30,302.88,10.17
39.75,-87.25,2021,3,30,310.17,10.29
39.75,-86.75,2021,3,30,305.78,10.33
39.75,-86.25,2021,3,30,305.78,10.23
39.75,-85.75,2021,3,30,302.88,10.02
39.75,-85.25,2021,3,30,302.88,9.74
40.25,-87.25,2021,3,30,309.25,9.71
40.25,-86.75,2021,3,30,305.32,9.86
40.25,-86.25,2021,3,30,305.32,9.83
40.25,-85.75,2021,3,30,305.59,9.68
40.25,-85.25,2021,3,30,305.59,9.48
40.75,-87.25,2021,3,30,309.25,9.23
40.75,-86.75,2021,3,30,305.32,9.42
40.75,-86.25,2021,3,30,305.32,9.46
40.75,-85.75,2021,3,30,305.59,9.37
40.75,-85.25,2021,3,30,305.59,9.29
41.25,-87.25,2021,3,30,308.48,8.65
41.25,-86.75,2021,3,30,304.89,8.78
41.25,-86.25,2021,3,30,304.89,8.92
41.25,-85.75,2021,3,30,300.64,8.91
41.25,-85.25,2021,3,30,300.64,8.91
39.25,-87.25,2021,3,31,249.67,1.66
39.25,-86.75,2021,3,31,269.07,1.91
39.25,-86.25,2021,3,31,269.07,2.28
39.25,-85.75,2021,3,31,280.7,2.73
39.25,-85.25,2021,3,31,280.7,3.22
39.75,-87.25,2021,3,31,249.67,0.86
39.75,-86.75,2021,3,31,269.07,1.14
39.75,-86.25,2021,3,31,269.07,1.48
39.75,-85.75,2021,3,31,280.7,1.86
39.75,-85.25,2021,3,31,280.7,2.28
40.25,-87.25,2021,3,31,241.99,0.26
40.25,-86.75,2021,3,31,257.44,0.61
40.25,-86.25,2021,3,31,257.44,1.0
40.25,-85.75,2021,3,31,276.29,1.36
40.25,-85.25,2021,3,31,276.29,1.74
40.75,-87.25,2021,3,31,241.99,-0.17
40.75,-86.75,2021,3,31,257.44,0.28
40.75,-86.25,2021,3,31,257.44,0.74
40.75,-85.75,2021,3,31,276.29,1.07
40.75,-85.25,2021,3,31,276.29,1.43
41.25,-87.25,2021,3,31,259.68,-0.34
41.25,-86.75,2021,3,31,260.25,0.11
41.25,-86.25,2021,3,31,260.25,0.38
41.25,-85.75,2021,3,31,269.02,0.63
41.25,-85.25,2021,3,31,269.02,0.91
